긍정적,긍정적,중립적,중립적,긍정적,긍정적,긍정적,긍정적,긍정적,긍정적,긍정적,긍정적,중립적,긍정적,긍정적,긍정적, positive,긍정적,긍정적,긍정적,긍정적,중립적,긍정적,긍정적,"디알텍은 글로벌 벤더블 디텍터 시장을 선도하는 기업으로, 연간 30조원 규모의 연매출을 바탕으로 비파괴검사 분야에 혁신적인 디지털 방사선 솔루션을 제공하고 있습니다. 주요 내용을 요약하면 다음과 같습니다:

1. **글로벌 톱티어 업체 공급**  
   - 디알텍은 NDT(Non-Destructive Testing) 시장의 최상위권 파트너사로 지정되었으며, 벤더블 디텍터 개발 및 생산 역량을 활용해 기존 아날로그 필름 기반 기술에 대한 경쟁력 있는 대안을 제시했습니다.

2. **기술 혁신 핵심 feature**  
   - 곡면 촬영 시 발생하던 영상 왜곡 문제 해결: 자유로운 곡률 변형 설계로 평판형 감지기 대비 선명도와 정확도 향상.
   - 저방사량 기술: 배관 용접 검사 시 기존 대비 10분의 1 수준의 방사선량으로 안전성 확보 가능.

3. **ODM 생산 확대 및 사업 전략**  
   - 2024년 상반기까지 해당 업체에 맞춤형 벤더블 디텍터 ODM(직접생산 manufacturing) 제품 완성 후 공급 시작 계획을 발표했습니다. 이는 기술 기반 시장 구축과 지속적 성장 토대 마련으로 해석됩니다.

4. **규제 및 인증 획득**  
   - 세계일류상품 인증을 획득해 글로벌 신뢰성 입증, 특히 미국에서의 시장 진출 장벽 완화에 기여할 전망입니다.

5. **투자 및 성장 기반 강화**  
   - 2023년까지 CapEx 증설과 R&D 투자 지속으로 생산능력(캐파) 및 인력 확충을 통해 2024년 분기 최대 실적(340억 원) 달성하며 재무 안정성을 유지 중입니다.", positive,긍정적,긍정적,긍정적,긍정적,긍정적,긍정적,긍정적,긍정적,긍정적,긍정적,긍정적,긍정적,긍정적,긍정적,긍정적,긍정적,긍정적,부정적,긍정적,긍정적,긍정적,긍정적,긍정적,긍정적,긍정적,긍정적,"""선행""",긍정적,부정적,긍정적,긍정적,긍정적,긍정적,긍정적,긍정적, positive,긍정적,긍정적,긍정적,긍정적,긍정적,긍정적,긍정적,긍정적,긍정적,긍정적,긍정적,긍정적,긍정적,긍정적,긍정적,긍정적,긍정적,긍정적,긍정적,긍정적,긍정적,긍정적,긍정적,긍정적,긍정적,긍정적,긍정적,긍정적,긍정적,긍정적,긍정적,긍정적,긍정적,긍정적,긍정적,긍정적,긍정적,긍정적,긍정적,긍정적,긍정적,긍정적,긍정적,긍정적,중립적,positive,긍정적,긍정적,긍정적,긍정적,긍정적, positive,긍정적,긍정적,긍정적,긍정적,긍정적,긍정적,긍정적,긍정적,부정적,긍정적,긍정적,긍정적,긍정적,중립적,긍정적,긍정적,긍정적,긍정적,긍정적,긍정적,긍정적,긍정적,긍정적,긍정적,긍정적,긍정적,긍정적,긍정적,긍정적,긍정적,긍정적,긍정적,긍정적,긍정적,긍정적,긍정적,긍정적,긍정적,긍정적,긍정적,긍정적,긍정적,긍정적,긍정적,긍정적,긍정적,긍정적,긍정적,긍정적,긍정적,긍정적,긍정적,긍정적,positive,긍정적,긍정적,긍정적,긍정적,긍정적,긍정적,부정적,긍정적,긍정적,긍정적,긍정적,긍정적,부정적,긍정적,긍정적,긍정적,긍정적,긍정적,긍정적,긍정적,긍정적,긍정적,긍정적,긍정적,긍정적,긍정적,긍정적,긍정적,긍정적,긍정적,긍정적,긍정적,긍정적,긍정적,긍정적,긍정적,긍정적,긍정적,긍정적,긍정적,긍정적,긍정적,긍정적,긍정적,긍정적,긍정적,긍정적,중립적,긍정적,긍정적,긍정적,긍정적,긍정적,긍정적,긍정적,긍정적,긍정적,긍정적,긍정적,긍정적,긍정적,긍정적,긍정적,긍정적,긍정적,긍정적,긍정적,긍정적,긍정적,"""계약 체결""",긍정적,긍정적,긍정적,긍정적,긍정적,긍정적,긍정적,긍정적,긍정적,긍정적,긍정적,긍정적,중립적,긍정적,긍정적,긍정적,긍정적,긍정적,긍정적,긍정적,긍정적,긍정적,긍정적,긍정적,긍정적,긍정적,긍정적,긍정적,긍정적,긍정적,긍정적,긍정적,긍정적,긍정적,긍정적,긍정적,긍정적,긍정적,긍정적,긍정적,긍정적,긍정적,긍정적,긍정적,긍정적,긍정적,긍정적,긍정적,긍정적,긍정적,긍정적,긍정적,긍정적, positive,긍정적,긍정적,긍정적,긍정적,긍정적,긍정적,긍정적,긍정적,긍정적,긍정적,긍정적,긍정적,긍정적,긍정적,긍정적,긍정적,긍정적,긍정적,긍정적,긍정적,긍정적,긍정적,긍정적,긍정적,긍정적,긍정적,긍정적,긍정적,긍정적,긍정적,긍정적,긍정적,positive,긍정적,긍정적,긍정적,긍정적,긍정적,긍정적,긍정적,긍정적,긍정적,긍정적,긍정적,긍정적,긍정적,긍정적,긍정적,긍정적,positive,긍정적,긍정적,긍정적,긍정적,긍정적,positive,긍정적,긍정적,긍정적,긍정적,긍정적,긍정적,긍정적,긍정적,긍정적,부정적,긍정적,긍정적,긍정적,긍정적,긍정적,긍정적,긍정적,긍정적,긍정적,부정적,긍정적,긍정적,긍정적,긍정적,긍정적,긍정적,중대재해 예방 및 건설안전 강화 측면에서,긍정적,긍정적,긍정적,긍정적,positive,긍정적,긍정적,긍정적,긍정적,긍정적,긍정적,중립적,긍정적,긍정적,긍정적,긍정적,긍정적,긍정적,긍정적,긍정적,긍정적,긍정적,긍정적,부정적,긍정적,긍정적,긍정적,부정적,부정적,긍정적,부정적,부정적,긍정적,긍정적,긍정적, positive,긍정적,긍정적,positive,긍정적,긍정적,긍정적,긍정적,긍정적,긍정적,긍정적,긍정적,긍정적, positive,긍정적,긍정적,긍정적,긍정적,긍정적,긍정적, positive,긍정적,긍정적,긍정적,긍정적,긍정적,긍정적,중립적,긍정적,긍정적,긍정적,긍정적,긍정적,긍정적,긍정적,긍정적,긍정적,긍정적,긍정적,긍정적,긍정적,긍정적, positive,긍정적,긍정적,긍정적,positive,부정적,긍정적,긍정적,긍정적,긍정적,긍정적,긍정적,긍정적,긍정적,긍정적,긍정적,긍정적,긍정적,긍정적,긍정적,긍정적,긍정적,긍정적,긍정적,긍정적,긍정적,긍정적,긍정적,긍정적,긍정적,부정적,긍정적,긍정적,긍정적,긍정적,긍정적,부정적,긍정적,긍정적,긍정적,긍정적,긍정적,긍정적,긍정적,긍정적,긍정적,중립적,긍정적,긍정적,긍정적,중립적,중립적,긍정적,긍정적,긍정적,긍정적,긍정적,긍정적,긍정적,긍정적,긍정적,긍정적,긍정적,긍정적,긍정적,긍정적,긍정적,긍정적,긍정적,긍정적,긍정적,긍정적,긍정적,긍정적,긍정적,긍정적,긍정적,긍정적,긍정적,긍정적,긍정적,긍정적,부정적,긍정적,긍정적,긍정적,긍정적,positive,예스티(122640)=한국알박에 반도체 제조장비 공급 계약 체결내용을 읽고 긍정적/중립적/부정적 중 하나의 단어 선택,긍정적,긍정적,긍정적,긍정적,긍정적,긍정적,긍정적,긍정적,긍정적,긍정적,긍정적,긍정적,긍정적,positive,긍정적,긍정적,부정적,긍정적,긍정적,긍정적,positive,긍정적,부정적,긍정적,긍정적,긍정적,중립적,긍정적,긍정적,긍정적,긍정적,긍정적,긍정적,긍정적,긍정적,긍정적,중립적,긍정적,긍정적,긍정적,부정적,긍정적,긍정적,긍정적,긍정적,긍정적,긍정적,긍정적,긍정적,긍정적,긍정적,긍정적,부정적,긍정적,긍정적,긍정적,긍정적,긍정적,중립적,긍정적,긍정적, positive,긍정적,긍정적,긍정적,긍정적,긍정적,긍정적,긍정적,긍정적,부정적,긍정적,중립적,부정적,긍정적,긍정적,긍정적,긍정적,부정적,긍정적,긍정적,긍정적,긍정적,긍정적,중립적,긍정적,긍정적,긍정적,긍정적,부정적,긍정적,긍정적,긍정적,긍정적,긍정적,긍정적,긍정적,긍정적,긍정적,긍정적,긍정적,긍정적,긍정적,부정적,긍정적,긍정적,긍정적,긍정적,부정적,긍정적,긍정적,긍정적,긍정적,긍정적,긍정적,긍정적,긍정적,긍정적,긍정적,긍정적,긍정적,긍정적,긍정적,긍정적,중립적,긍정적,긍정적,긍정적,긍정적,긍정적,긍정적,긍정적,긍정적,긍정적,긍정적,긍정적,긍정적,긍정적,긍정적,"**편집국장 조일출 내용을 읽고 선택:**  
긍정적  

(요구사항에 따라 하나의 단어로 판단하여 출력함)",긍정적,긍정적,중립적,긍정적,긍정적,긍정적,중립적,긍정적,긍정적,긍정적,긍정적,긍정적,긍정적,긍정적,긍정적,긍정적,긍정적,긍정적,긍정적,긍정적,긍정적,긍정적,긍정적,긍정적,긍정적,긍정적,긍정적,긍정적,긍정적,긍정적,긍정적,긍정적,긍정적,긍정적,긍정적,긍정적,중립적,부정적,부정적,부정적,긍정적,긍정적,긍정적,긍정적,긍정적,긍정적,긍정적,긍정적,긍정적,긍정적,긍정적,긍정적,긍정적,긍정적,긍정적,긍정적,부정적,긍정적,긍정적,긍정적,긍정적,긍정적,긍정적,긍정적,긍정적,긍정적,긍정적,긍정적,긍정적, positive,부정적,긍정적,긍정적,부정적,긍정적,긍정적,positive,긍정적,긍정적,부정적,긍정적,긍정적,긍정적,중립적,긍정적,긍정적,긍정적,긍정적,긍정적,부정적,긍정적,긍정적,긍정적,긍정적,긍정적,긍정적,긍정적,긍정적,긍정적,긍정적,긍정적,중립적,긍정적,긍정적,긍정적,긍정적,"""긍정적""",긍정적,긍정적,부정적,긍정적,중립적,긍정적,부정적,긍정적,긍정적,긍정적, positive, positive,긍정적,부정적,긍정적,긍정적,"""긍정적""",긍정적,긍정적,긍정적,긍정적,긍정적,긍정적,긍정적,긍정적,긍정적,긍정적,중립적,긍정적,중립적,긍정적,긍정적,긍정적,긍정적,긍정적,긍정적,긍정적,긍정적,긍정적,긍정적,긍정적,긍정적,중립적,긍정적,부정적,긍정적,긍정적,긍정적,긍정적,긍정적,긍정적,긍정적,긍정적,긍정적,긍정적,긍정적,긍정적,긍정적,긍정적,긍정적,긍정적,긍정적,긍정적,긍정적,긍정적,긍정적,긍정적,긍정적,긍정적,긍정적,긍정적,긍정적,긍정적,긍정적,긍정적,긍정적,긍정적,긍정적,긍정적,긍정적,긍정적,긍정적,긍정적,긍정적,긍정적,긍정적,positive,긍정적,긍정적,긍정적,positive,긍정적,긍정적,긍정적,긍정적,긍정적,긍정적,긍정적,긍정적,긍정적,긍정적,긍정적,긍정적,긍정적,긍정적,긍정적,긍정적,긍정적,긍정적,긍정적,긍정적,긍정적,긍정적,긍정적,긍정적,긍정적,긍정적,긍정적,긍정적,긍정적,긍정적,긍정적,긍정적,positive,긍정적,긍정적,긍정적,긍정적,긍정적,긍정적,긍정적,긍정적,긍정적, positive,긍정적,긍정적,긍정적,긍정적,긍정적,긍정적,긍정적,긍정적,긍정적,긍정적,긍정적,긍정적,긍정적,긍정적,긍정적,긍정적,긍정적,긍정적,긍정적,긍정적,긍정적,긍정적,긍정적,긍정적,긍정적, positive,긍정적,긍정적,긍정적,긍정적,부정적,긍정적,긍정적,긍정적,긍정적,긍정적,긍정적,긍정적,긍정적,긍정적,긍정적,긍정적,긍정적,부정적,긍정적,긍정적,긍정적,긍정적,긍정적,긍정적,긍정적,긍정적, positive,긍정적,긍정적,긍정적,긍정적,긍정적,긍정적,긍정적,중립적,부정적,긍정적,긍정적,긍정적,긍정적,긍정적,긍정적,긍정적,긍정적,부정적,긍정적, positive,긍정적,긍정적,중립적,긍정적,긍정적,긍정적,긍정적,긍정적,긍정적,긍정적,긍정적,긍정적,긍정적,긍정적,긍정적,긍정적,긍정적,긍정적,긍정적,긍정적,긍정적,긍정적,긍정적,긍정적,긍정적,부정적,긍정적,긍정적,부정적,긍정적,긍정적,긍정적,긍정적,부정적,중립적,긍정적,긍정적,긍정적,긍정적,긍정적,부정적,긍정적,긍정적,긍정적,positive,긍정적,긍정적, positive,긍정적,긍정적,긍정적,긍정적,긍정적,긍정적,긍정적,긍정적,긍정적,부정적,긍정적,긍정적,긍정적,긍정적,긍정적,긍정적,긍정적,긍정적,긍정적,긍정적,긍정적,긍정적,긍정적,긍정적,긍정적,긍정적,긍정적,긍정적,긍정적,긍정적,긍정적,긍정적,긍정적,긍정적,긍정적,긍정적,긍정적,긍정적,긍정적,긍정적,positive,긍정적,긍정적,긍정적,긍정적,긍정적,긍정적,긍정적,긍정적,긍정적,부정적,긍정적,긍정적,긍정적,긍정적,긍정적,긍정적,중립적,negative,negative,부정적,부정적,긍정적,긍정적,긍정적,긍정적,긍정적, positive,긍정적,긍정적,긍정적,긍정적,긍정적,긍정적,긍정적,긍정적,긍정적,긍정적,긍정적,긍정적,positive,긍정적,긍정적,긍정적,부정적,긍정적,긍정적,긍정적,긍정적,긍정적,긍정적,긍정적,긍정적,긍정적,긍정적,중립적,긍정적,긍정적,긍정적,긍정적,긍정적,긍정적,긍정적,부정적,긍정적,긍정적,긍정적,긍정적,긍정적,긍정적,긍정적,긍정적,긍정적,긍정적,긍정적,positive,positive,긍정적,긍정적,긍정적,긍정적,부정적,긍정적,긍정적,긍정적,긍정적,긍정적,긍정적,긍정적,부정적,중립적,부정적,부정적,긍정적,긍정적,긍정적,부정적,긍정적,긍정적,긍정적,긍정적,긍정적,긍정적,긍정적,긍정적,긍정적,긍정적, positive,긍정적,긍정적,긍정적,긍정적,긍정적,긍정적,긍정적,긍정적,긍정적,긍정적,긍정적,positive,긍정적,긍정적,긍정적,긍정적, positive,긍정적,긍정적,긍정적,긍정적,긍정적,긍정적,긍정적,긍정적,긍정적,긍정적,긍정적,긍정적,긍정적,중립적,긍정적,긍정적,긍정적,부정적,긍정적,중립적,긍정적,긍정적,긍정적,긍정적,긍정적,긍정적,긍정적,긍정적,긍정적,긍정적, positive,긍정적,긍정적,긍정적,긍정적,긍정적,부정적,긍정적,negative,긍정적, positive,긍정적,긍정적,긍정적,긍정적,긍정적,긍정적,긍정적,긍정적,긍정적,긍정적,긍정적,긍정적,긍정적,긍정적,긍정적,긍정적,긍정적,긍정적,긍정적,긍정적,긍정적,긍정적,긍정적,긍정적,긍정적,부정적,긍정적,긍정적,긍정적,긍정적,긍정적,부정적,긍정적,긍정적,긍정적,긍정적,긍정적,긍정적,긍정적,부정적,긍정적,긍정적,긍정적,긍정적,긍정적,긍정적,긍정적,긍정적,긍정적,부정적,긍정적,긍정적,긍정적,긍정적,긍정적,긍정적,부정적,긍정적,긍정적,긍정적,긍정적,긍정적, positive,긍정적,긍정적,긍정적,긍정적,긍정적,부정적,긍정적,긍정적,부정적,긍정적,긍정적,긍정적,긍정적,긍정적,긍정적,positive,긍정적,긍정적,부정적,긍정적,긍정적,긍정적,긍정적,부정적,긍정적,긍정적,positive,부정적,negative,긍정적,긍정적, positive,긍정적,긍정적,긍정적,긍정적,긍정적,긍정적,긍정적,긍정적,긍정적,긍정적,긍정적,긍정적,긍정적,긍정적,긍정적,긍정적,부정적,긍정적,긍정적,긍정적,긍정적,중립적,부정적,긍정적,긍정적,긍정적,긍정적,중립적,부정적,긍정적,긍정적,긍정적,긍정적,긍정적,긍정적,긍정적,긍정적,긍정적,부정적,긍정적,긍정적,긍정적,긍정적,긍정적,긍정적,positive,긍정적,부정적,긍정적,긍정적,긍정적,긍정적,부정적,긍정적,긍정적,긍정적,긍정적,긍정적,긍정적,긍정적,긍정적,긍정적,긍정적,긍정적,부정적,긍정적,긍정적,긍정적,긍정적,긍정적,긍정적,긍정적,부정적,긍정적,긍정적,긍정적,긍정적, positive,긍정적,긍정적,부정적,긍정적,긍정적,긍정적,부정적,긍정적,긍정적,긍정적,긍정적,긍정적,긍정적,긍정적,긍정적,긍정적,긍정적,긍정적,긍정적,긍정적,긍정적,positive,긍정적,긍정적,긍정적,긍정적,긍정적,긍정적,긍정적,긍정적,긍정적, positive,긍정적,긍정적,긍정적,긍정적,긍정적,긍정적,긍정적,긍정적,긍정적,긍정적,긍정적,긍정적,positive,긍정적,긍정적,긍정적,긍정적,긍정적,긍정적,긍정적,긍정적,긍정적,긍정적,positive,긍정적,긍정적,긍정적,긍정적,긍정적,긍정적,긍정적,긍정적,긍정적,긍정적,긍정적,positive,긍정적,긍정적,긍정적,긍정적,긍정적,긍정적,긍정적,긍정적,긍정적,긍정적,긍정적,positive,긍정적,긍정적,긍정적,긍정적,긍정적,긍정적,긍정적,긍정적,긍정적,긍정적,긍정적,긍정적,긍정적,긍정적,긍정적,긍정적,긍정적,긍정적,긍정적,긍정적,긍정적,긍정적,긍정적,긍정적,긍정적,긍정적,긍정적,긍정적,긍정적,"""협약 체결""",부정적,긍정적,긍정적, positive,긍정적,positive,긍정적,긍정적,긍정적,중립적,긍정적,긍정적,긍정적,중립적,긍정적,긍정적,긍정적,긍정적,긍정적,긍정적,부정적,긍정적,긍정적,긍정적,부정적,긍정적,긍정적,긍정적,긍정적,긍정적,긍정적,긍정적,긍정적,긍정적,긍정적,부정적,긍정적,positive,긍정적,긍정적,긍정적,긍정적,긍정적,긍정적,긍정적,긍정적,긍정적,긍정적,positive,긍정적,긍정적,긍정적,긍정적,긍정적,긍정적,긍정적,부정적,긍정적,긍정적,부정적,긍정적,긍정적,긍정적,positive,긍정적,긍정적,긍정적,긍정적,긍정적,긍정적,positive,긍정적,긍정적,긍정적,긍정적,긍정적,긍정적,긍정적,긍정적, 긍정적,긍정적,긍정적,긍정적,긍정적,긍정적,긍정적,중립적,positive,긍정적,긍정적,긍정적,긍정적,긍정적,긍정적,긍정적,긍정적,긍정적,긍정적,긍정적,긍정적,긍정적,긍정적,긍정적,긍정적,긍정적,긍정적,긍정적,긍정적,중립적,부정적,긍정적,긍정적,긍정적,긍정적,긍정적,부정적,긍정적,긍정적,긍정적,긍정적,긍정적,긍정적,긍정적,긍정적,긍정적,긍정적,긍정적,긍정적,긍정적,중립적,긍정적,긍정적,긍정적,positive,긍정적,중립적,긍정적,긍정적,부정적,긍정적,긍정적,긍정적,긍정적,긍정적,긍정적,negative,긍정적,긍정적,긍정적,긍정적,긍정적,positive,긍정적,긍정적,긍정적,긍정적,긍정적,긍정적,긍정적,긍정적,긍정적,긍정적,긍정적,긍정적,긍정적,긍정적,긍정적,긍정적,긍정적,긍정적,긍정적,긍정적, positive,긍정적,긍정적,긍정적,긍정적,긍정적,긍정적,긍정적,긍정적,긍정적,중립적,긍정적,긍정적,긍정적,부정적,중립적,중립적,긍정적,긍정적,긍정적,긍정적,긍정적,긍정적,긍정적,긍정적,긍정적,긍정적,긍정적,긍정적,긍정적,긍정적,긍정적,긍정적,중립적,긍정적,긍정적,긍정적,긍정적,긍정적,긍정적,긍정적,긍정적,긍정적,긍정적,긍정적,긍정적,긍정적,긍정적,긍정적,긍정적,긍정적,긍정적,긍정적,긍정적,긍정적,긍정적,긍정적,긍정적,긍정적,positive,긍정적,positive,긍정적,긍정적,긍정적,긍정적,긍정적,긍정적,긍정적,긍정적,부정적, positive,"""긍정적""",긍정적,긍정적,중립적,positive,긍정적,긍정적,긍정적,긍정적, positive,중립적,긍정적,긍정적,긍정적,긍정적,부정적,긍정적,부정적,긍정적,positive,긍정적,긍정적,긍정적,긍정적,긍정적,긍정적,긍정적,긍정적,긍정적,긍정적,긍정적,긍정적,부정적,긍정적,긍정적,긍정적,긍정적,긍정적,긍정적,긍정적,긍정적,긍정적,긍정적,긍정적,긍정적,긍정적,긍정적,긍정적,긍정적,긍정적,긍정적,긍정적,긍정적,긍정적,긍정적,긍정적,긍정적,긍정적,긍정적,긍정적,긍정적,긍정적,긍정적,부정적,긍정적,긍정적,중립적,긍정적,긍정적,긍정적,긍정적,긍정적,긍정적,대유에이텍(002880)=신규 차 생산부지 109억 원에 취득내용을 읽고 **긍정적** 중 하나의 단어를 선택해 줘.,긍정적,긍정적,긍정적,긍정적,긍정적,긍정적,긍정적,긍정적,긍정적,긍정적,긍정적,긍정적,긍정적,긍정적,긍정적,긍정적,부정적,긍정적,긍정적,긍정적,긍정적, positive,긍정적,긍정적,긍정적,긍정적,부정적,긍정적,긍정적,긍정적,긍정적,긍정적,긍정적,부정적,부정적,긍정적,긍정적,긍정적,긍정적,긍정적,"""긍정적""",긍정적,긍정적,긍정적,긍정적,중립적,긍정적,긍정적,긍정적,긍정적,긍정적,positive,긍정적,긍정적,긍정적,긍정적,긍정적,긍정적,긍정적,긍정적,긍정적,긍정적,긍정적,부정적,긍정적,긍정적,긍정적,중립적,긍정적,긍정적,긍정적,부정적,긍정적,긍정적,긍정적,긍정적,긍정적,긍정적,긍정적,긍정적,긍정적,긍정적,긍정적,긍정적,긍정적,긍정적,positive,긍정적,부정적,부정적,부정적,긍정적,긍정적,긍정적,부정적,긍정적,긍정적,긍정적,긍정적,긍정적,긍정적,긍정적,긍정적,긍정적,긍정적,긍정적,긍정적,긍정적,긍정적,긍정적,긍정적,긍정적,긍정적,긍정적,긍정적,긍정적,긍정적,부정적,긍정적,긍정적,긍정적,긍정적,positive,긍정적,긍정적,긍정적,긍정적,긍정적,긍정적,긍정적,긍정적,긍정적,긍정적,긍정적,긍정적,긍정적,긍정적,긍정적,긍정적,긍정적,긍정적,긍정적,긍정적,긍정적,긍정적,positive,긍정적,긍정적,긍정적,긍정적,긍정적,긍정적,긍정적,긍정적,긍정적,긍정적,긍정적,긍정적,긍정적,긍정적,positive,긍정적,긍정적,긍정적,긍정적,긍정적,긍정적,긍정적,긍정적,긍정적,긍정적,긍정적,긍정적,긍정적,긍정적,긍정적,긍정적,긍정적,긍정적,긍정적,긍정적, positive,긍정적,긍정적,긍정적,긍정적,긍정적,긍정적,긍정적,긍정적,긍정적,긍정적,긍정적,긍정적,긍정적,긍정적,긍정적,positive,긍정적,긍정적,긍정적,긍정적,긍정적,긍정적,긍정적,긍정적,긍정적,긍정적,긍정적,긍정적,긍정적,긍정적,긍정적,긍정적,긍정적,긍정적,긍정적,긍정적,긍정적,긍정적,긍정적,긍정적,긍정적,긍정적,긍정적,긍정적,긍정적,긍정적,긍정적,긍정적,긍정적,긍정적,긍정적,긍정적,긍정적,긍정적,긍정적,긍정적,긍정적,긍정적,긍정적,긍정적,긍정적,긍정적,긍정적,긍정적,중립적,긍정적,긍정적,긍정적,긍정적,긍정적,긍정적,긍정적,긍정적,긍정적,긍정적,긍정적,긍정적,긍정적,긍정적,긍정적,긍정적,긍정적,긍정적,긍정적,긍정적,긍정적,positive,긍정적,긍정적,긍정적,긍정적,"""긍정적""",긍정적,긍정적,긍정적,긍정적,긍정적,긍정적,긍정적,긍정적,긍정적,긍정적,긍정적,긍정적,긍정적,긍정적,긍정적,긍정적,긍정적,긍정적,긍정적,긍정적,긍정적,긍정적,긍정적,긍정적,긍정적,"""부정적""",긍정적,"""기술력 및 성장 잠재력 인정""",긍정적,긍정적,긍정적,긍정적,긍정적,부정적,긍정적,긍정적,긍정적,긍정적,긍정적,긍정적,긍정적, positive,긍정적,긍정적,긍정적,긍정적,긍정적,긍정적,긍정적,긍정적,긍정적,긍정적,긍정적,긍정적,positive,긍정적,긍정적,긍정적,긍정적,긍정적,긍정적,긍정적,긍정적,긍정적,긍정적,긍정적, positive,긍정적,긍정적,긍정적, positive,긍정적,긍정적,긍정적,긍정적,긍정적,긍정적,긍정적,긍정적,긍정적,긍정적,긍정적,긍정적,긍정적,긍정적,긍정적,긍정적,긍정적,긍정적,긍정적,긍정적,긍정적,긍정적,긍정적,긍정적,긍정적,긍정적,긍정적,긍정적,긍정적,긍정적,긍정적,긍정적,긍정적,긍정적,긍정적,긍정적,긍정적,긍정적,부정적,긍정적,긍정적,긍정적,긍정적,긍정적,negative,긍정적,긍정적,긍정적,긍정적,긍정적,긍정적,긍정적,긍정적,긍정적,긍정적,긍정적,긍정적,긍정적,긍정적,긍정적, positive,긍정적,"이클립스 SDV 커뮤니티 밋업 관련 내용에서 가장 강조되는 긍정적인 요소는 다음과 같습니다:  
- LG전자의 '소프트웨어 역량과 글로벌 파트너십 기반'을 통한 오픈소스 생태계 확대 의지 표명  
- 비차별화 영역 표준화 등 시장 효율성 제고 및 개발 리소스 절감 기대  
- S-CORE/풀피리 프로젝트와 같은 혁신적 R&D 성과 공유 및 협력 강화 노력",긍정적,긍정적,긍정적,긍정적,긍정적,긍정적,긍정적,긍정적, positive,긍정적,긍정적,긍정적,긍정적,긍정적,긍정적,긍정적,긍정적,긍정적,positive,긍정적,긍정적,긍정적,긍정적,긍정적,긍정적,긍정적,긍정적,긍정적,긍정적,긍정적,긍정적,긍정적,긍정적,긍정적,긍정적,긍정적,부정적,긍정적,긍정적,긍정적,긍정적,긍정적,긍정적,긍정적,부정적,긍정적,긍정적,긍정적,긍정적,중립적,긍정적,긍정적,긍정적,긍정적,긍정적,긍정적,긍정적,긍정적,긍정적,긍정적,긍정적,긍정적,긍정적,긍정적,긍정적,긍정적,긍정적,긍정적,긍정적,긍정적,긍정적,positive,긍정적,positive,긍정적,긍정적,부정적,긍정적,긍정적,긍정적,긍정적,positive, positive,긍정적,긍정적,긍정적, positive,긍정적,긍정적,긍정적,긍정적,긍정적,긍정적,긍정적,긍정적,긍정적,긍정적,긍정적,긍정적,긍정적,긍정적,긍정적,긍정적,긍정적,긍정적,긍정적,긍정적,긍정적,중립적,긍정적,긍정적,긍정적,중립적,긍정적,긍정적,긍정적,긍정적,긍정적,중립적,긍정적,긍정적,긍정적,긍정적,긍정적,긍정적,긍정적,긍정적,긍정적,긍정적,긍정적,긍정적,긍정적,긍정적,긍정적,긍정적,긍정적,긍정적,중립적,긍정적,긍정적,긍정적,긍정적,긍정적,긍정적,긍정적,긍정적,긍정적,긍정적,positive,긍정적,긍정적,긍정적,긍정적,긍정적,긍정적,긍정적,긍정적,긍정적,긍정적,긍정적,긍정적,긍정적,긍정적,긍정적,긍정적,긍정적,긍정적,긍정적,긍정적,긍정적,긍정적,긍정적,긍정적,긍정적,긍정적,긍정적,긍정적,긍정적,긍정적,긍정적,긍정적,긍정적,긍정적,긍정적,긍정적,긍정적,긍정적,긍정적,긍정적,긍정적,긍정적,긍정적,긍정적,부정적,긍정적,부정적,긍정적,긍정적,긍정적,긍정적,긍정적,긍정적,긍정적,긍정적,긍정적,긍정적,긍정적,긍정적,긍정적,긍정적,긍정적,긍정적,긍정적,긍정적,긍정적,긍정적,긍정적,긍정적,positive,긍정적,긍정적,긍정적,긍정적,긍정적,긍정적,긍정적,긍정적,긍정적,긍정적,긍정적,긍정적,긍정적,긍정적,긍정적,긍정적,긍정적,긍정적,긍정적,긍정적,긍정적,긍정적,긍정적,긍정적,긍정적,긍정적,긍정적,긍정적,긍정적,긍정적,긍정적,긍정적,긍정적,긍정적,"""긍정적""",긍정적,중립적,긍정적,긍정적,긍정적,긍정적,긍정적,부정적,긍정적,긍정적,긍정적,긍정적,부정적,긍정적,긍정적,긍정적,긍정적,긍정적,긍정적,긍정적,긍정적,긍정적,긍정적,긍정적,긍정적,긍정적,긍정적,긍정적,긍정적,긍정적,긍정적,중립적,부정적,긍정적,긍정적,긍정적,긍정적,긍정적,긍정적,긍정적,긍정적,긍정적,긍정적,중립적,긍정적,긍정적,긍정적,긍정적,긍정적,긍정적,긍정적,긍정적,긍정적,긍정적,중립적,긍정적,긍정적,부정적,긍정적,긍정적,긍정적,"메디컬아시아 2025 시상식에서 선정된 주요 수상 내역 및 결과 요약:

### 핵심 수상기관 및 부문
1. **기관장상**  
   - 보건복지부장관상: 김종필 나은필병원 병원장  
   - 식품의약품안전처장상: 헬스온클라우드(주), 셀바이셀  
   - 한국관광공사사장상: 그대고운 피부과, 주식회사 에이치앤애드  

2. **부문별 Top 3 병의원**  
   - 암병원: 가톨릭대학교 서울성모병원 ×가독성 dual treatment 우승  
   - 혈액병원: 동일 병원  
   - 당뇨병전문센터: 강북삼성병원 병원장  
   - 척추관절전문: 곧바로병원  
   - 리프팅/흉터: 저자 고르드 피부과  

3. **기업상**  
   - 메타버스 진료플랫폼: 헬스온클라우드(주)  
   - 글로벌 솔루션: K-헬스케어 통합플랫폼 (주)인사랑컨설팅  
   - 의료관광기술: (주)에이치앤애드  

4. **공헌상**  
   - 아시아원격의료학회 리더십:replaceardongwon 명예교수  
   - 지역기관 공헌:강박행병원 병원장  

### 특징적 highlights
- 심사 기준: AI·디지털 헬스케어 혁신(메타버스/AI 시니어케어), 글로벌 환자 유치 전략 반영 결과 평가.  
- 후원 기관: 보건복지부·식품의약품안전처·한국관광공사 공동 지원.  
- 행사 영향: 다국적 인플루언서 생중계로 K-의료 브랜딩 효과 증대, 이후 해외 마케팅 확대 전망.", positive,긍정적,긍정적,긍정적,긍정적,긍정적,긍정적, positive,긍정적,긍정적,긍정적,긍정적,긍정적,긍정적,긍정적,긍정적,긍정적,긍정적,긍정적,긍정적,긍정적,긍정적,긍정적,긍정적,긍정적,긍정적,긍정적,긍정적,긍정적,긍정적, positive,긍정적,긍정적,중립적,긍정적,positive,긍정적,긍정적,긍정적,긍정적,긍정적,긍정적,긍정적,negative,긍정적,긍정적,긍정적,긍정적,긍정적,긍정적,긍정적,긍정적,긍정적,긍정적,"""긍정적""",긍정적,부정적,긍정적,긍정적,긍정적,중립적,긍정적,긍정적,긍정적,긍정적,긍정적,긍정적,긍정적,긍정적,긍정적,긍정적,긍정적,긍정적,긍정적,긍정적,긍정적,긍정적,부정적,긍정적,긍정적,긍정적,긍정적,긍정적,긍정적,negative,긍정적,"오늘의 이 daily news summary를 바탕으로 주요 키워드와 이슈를 분석하면 다음과 같습니다:

### 기업 및 산업 분야 핵심 이슈
1. **AI전환 가속화**  
   - 제조업 10조 투자 선언, Samsung·현대 등이 반도체 AX·AI모델·로봇 분야에 집중 지원 중
   - 현대자동차 그룹 '자율주행·SDV(Synthesis & Development) 사업대책' 발표
   - SK하이닉스 등 주요 기업에서 신규 임원 37명 신설로 기술 인력 확보 추세

2. **재계 인사개믹 심화**  
   - 부회장단 축소 및 기술 경영 중심 조직 재편 진행 (특히 현대차그룹 포함)
   - presidents급 인사진 확대 계획 announced:승찬 부사장·정덕화 전무 등 승진 사례 공개

3. **글로벌 자본 유입 동향**  
   - 기업 달러 보유 규모 사상 최대 기록 확인 (""한국 최대 외국인 투자 유치"" 설명)
   - 미 연준의 강력한 금리 인상 전망에 따른 외국인 자본 이탈 우려감 증대

### 정책 및 사회 영향
4. **노동·연금 개혁 촉진**  
   -주 52시간 예외 완화 주장과 산자 특별법 논의 지속
   - 근로자 급여 증가 대비 근소세 인상률(9.3%)으로 인한 부담 가중 논란

5. **국내외 기업 관계 변화**  
   - 신한금융그룹 진옥동 회장 연임 성공로 정치적 영향력 재편 가능성 시사
   - 반탄탈미 운동에 대한 정부·사찰계의 대응 요구 확대 (""철폐 불합리한 태도 자제"" 강조)

6. **산업 구조 고도화 압력**  
   - 반도체 기업별 특화 전략 push: 삼성의 로봇·AI 개발, LG전자의 서버용 생산시설 증설 등
   - 부동산 시장 안정화를 위한 AI 기반 허위정보 차단 시스템 필요성 대두

### 소비자 및 미디어 전망
7. **생활경제 활성화 모색**  
   - 쿠먼 경제 확산을 위한 지역별 지원제도(관광도시센터 등) 적극 활용 사례 증가
   - 미세먼지 우려가 있는불닭 업계 포함한 다양한 식품기업 수출 실적 발표

8. **국제 경영 전략 재편**  
   - 관세 인하 혜택 받기 위해 현대차·GM 등 주요 자동차사 확대 추진
   - 미국 전문직 비자 심사 강화로 글로벌 인력 교류 경로 다변화 필요성 부각",긍정적,긍정적,긍정적,긍정적,긍정적,긍정적,긍정적,긍정적,긍정적,긍정적,긍정적,긍정적,긍정적,긍정적,긍정적,긍정적,긍정적,긍정적,긍정적,긍정적,긍정적,"""중립적""",긍정적,긍정적,긍정적,부정적,긍정적,긍정적,긍정적,"""열기""",긍정적,중립적,긍정적,부정적,긍정적,긍정적,"""개발했다.""",긍정적,긍정적,긍정적,긍정적,긍정적,positive,부정적,긍정적,긍정적,긍정적,긍정적,현대자동차Related news positive terms,긍정적,긍정적,부정적,긍정적,긍정적,긍정적,긍정적,긍정적,positive,긍정적,긍정적,긍정적,긍정적,중립적,긍정적,긍정적,긍정적,긍정적,긍정적,긍정적,긍정적,긍정적,긍정적,긍정적,긍정적,긍정적,중립적,긍정적,긍정적,긍정적,긍정적,긍정적,긍정적,긍정적,긍정적,긍정적,긍정적,긍정적,긍정적,긍정적,긍정적,긍정적,긍정적,긍정적,중립적,긍정적,긍정적,긍정적,긍정적,긍정적,긍정적,긍정적,긍정적,긍정적,긍정적,긍정적,긍정적,긍정적,긍정적,긍정적,중립적,긍정적,긍정적,긍정적,긍정적,긍정적,긍정적,긍정적,긍정적,긍정적,긍정적,긍정적,긍정적,긍정적,긍정적,중립적,긍정적,긍정적,긍정적,긍정적,부정적,긍정적,긍정적,긍정적,긍정적,긍정적,긍정적,부정적,긍정적,긍정적,긍정적,긍정적,긍정적,긍정적,긍정적,긍정적,긍정적,긍정적,긍정적,긍정적,긍정적,긍정적,긍정적,긍정적,긍정적,부정적,긍정적, positive,중립적,긍정적,긍정적,긍정적,부정적,긍정적,긍정적,긍정적,긍정적,긍정적,긍정적,긍정적,긍정적,긍정적,긍정적,긍정적,긍정적,긍정적,긍정적,긍정적,긍정적,긍정적,긍정적,긍정적,긍정적,부정적,긍정적,긍정적,긍정적,부정적,긍정적,긍정적,긍정적,긍정적,긍정적,긍정적,긍정적,긍정적,긍정적,긍정적,긍정적,긍정적,부정적,긍정적,긍정적,긍정적,긍정적,긍정적,긍정적,긍정적,긍정적,긍정적,긍정적,중립적,부정적,긍정적,긍정적,긍정적,중립적,positive,긍정적,긍정적,긍정적,긍정적,긍정적,긍정적,긍정적,부정적,긍정적,긍정적, positive,긍정적,긍정적,긍정적,긍정적,중립적,중립적,중립적,긍정적,긍정적,긍정적,긍정적,긍정적,긍정적,긍정적,긍정적,긍정적,긍정적,긍정적,긍정적,긍정적,긍정적,긍정적,긍정적,긍정적,긍정적,긍정적,긍정적,긍정적,긍정적,긍정적,긍정적,긍정적,긍정적,긍정적,긍정적,긍정적,긍정적,긍정적,긍정적,긍정적,긍정적,긍정적,긍정적, positive,긍정적,긍정적,긍정적,긍정적,긍정적,긍정적,긍정적,긍정적,긍정적,긍정적,긍정적,긍정적,긍정적,긍정적,positive,긍정적,긍정적,긍정적,positive,긍정적,긍정적,긍정적,긍정적,긍정적,긍정적,긍정적,긍정적,긍정적,중립적,긍정적,긍정적,긍정적,긍정적,긍정적,부정적,긍정적,긍정적,긍정적,긍정적,긍정적,긍정적,긍정적,긍정적,긍정적,긍정적,긍정적,긍정적,긍정적,긍정적,긍정적,긍정적,"""윤""",긍정적,긍정적,긍정적,긍정적,긍정적,긍정적,긍정적,긍정적, positive,긍정적,긍정적,긍정적,긍정적,긍정적,긍정적,긍정적,긍정적,긍정적,긍정적,긍정적,긍정적,긍정적,긍정적,긍정적,긍정적,긍정적,긍정적,positive,긍정적,긍정적,긍정적,긍정적,긍정적,긍정적,긍정적,긍정적,긍정적,긍정적,긍정적,긍정적,긍정적,긍정적,긍정적,긍정적,긍정적,긍정적,긍정적,positive,긍정적,긍정적,긍정적,긍정적,긍정적,긍정적,긍정적,긍정적,긍정적,긍정적,긍정적,긍정적,긍정적,긍정적,긍정적,중립적,긍정적,긍정적,긍정적,긍정적,긍정적,긍정적,긍정적,긍정적,긍정적,긍정적,긍정적,긍정적,긍정적,긍정적,긍정적,부정적,긍정적,긍정적,긍정적,긍정적,긍정적,긍정적,긍정적,긍정적,긍정적,긍정적,부정적,긍정적,긍정적,긍정적,긍정적,긍정적,긍정적,긍정적,긍정적, positive,긍정적,긍정적,긍정적,부정적,긍정적,긍정적,긍정적,긍정적,긍정적,긍정적,부정적,긍정적,긍정적,긍정적,긍정적,정의선 회장이 자율주행 기술 개발 부진을 직접 인정하고 방향 재설정 및 조직 개편 가속도를 강조했다는 점에서 **긍정적**입니다.,긍정적,긍정적,긍정적,긍정적,긍정적,긍정적,긍정적,긍정적,긍정적,긍정적,긍정적,긍정적,긍정적,긍정적,긍정적,긍정적,긍정적,긍정적,부정적,긍정적,긍정적,중립적,긍정적,긍정적,중립적,긍정적,긍정적,긍정적,긍정적,긍정적,긍정적,긍정적,긍정적,긍정적,긍정적,긍정적,긍정적,긍정적,긍정적,긍정적,긍정적,긍정적,부정적,긍정적,긍정적,긍정적,긍정적,긍정적,positive,긍정적,"""예방""",긍정적,중립적,긍정적,긍정적,긍정적,중립적,긍정적,긍정적,부정적,긍정적,긍정적,긍정적,긍정적,긍정적,긍정적,긍정적,긍정적,긍정적,긍정적,긍정적,긍정적,긍정적,긍정적,긍정적,긍정적,긍정적,긍정적,긍정적,부정적,부정적,긍정적,긍정적,긍정적,긍정적,긍정적,긍정적,긍정적,부정적,긍정적,긍정적,긍정적,긍정적,긍정적,긍정적,긍정적,긍정적,긍정적,긍정적,부정적,긍정적,긍정적,부정적,긍정적,부정적,긍정적,긍정적,긍정적,부정적,긍정적,"""긍정적""",긍정적,**긍정적**,중 positive,긍정적,긍정적,긍정적,중립적,긍정적,중립적,긍정적,긍정적,긍정적,긍정적,긍정적,긍정적,긍정적,부정적,긍정적,긍정적,부정적,긍정적,긍정적,긍정적,긍정적, positive,긍정적,긍정적,긍정적,긍정적,긍정적,긍정적,중립적,긍정적,"이수기판 '이수페타시스'는 최근 외국인 투자자들에게 강한 관심 대상으로 부상하며, 반도체 및 AI 생태계와의 연관성으로 인해 지속적인 강세를 보이고 있습니다.",긍정적,긍정적,긍정적, positive,긍정적,긍정적,긍정적,긍정적,긍정적,긍정적,긍정적,긍정적,"""개발했다""",부정적,긍정적,긍정적,긍정적,긍정적,긍정적,긍정적,긍정적,긍정적,긍정적,긍정적,긍정적,긍정적,중립적, positive,긍정적,긍정적,긍정적,긍정적,긍정적,긍정적,긍정적,긍정적,긍정적,positive,긍정적,긍정적, positive,긍정적,긍정적,positive,긍정적,긍정적,긍정적,긍정적,긍정적,긍정적,긍정적,긍정적,긍정적,긍정적, positive,긍정적,긍정적, positive,긍정적,긍정적,긍정적, positive,긍정적,긍정적,긍정적,긍정적,긍정적,긍정적,긍정적,긍정적,긍정적,긍정적,중립적,긍정적,긍정적,중립적,긍정적,긍정적,중립적,긍정적,긍정적,긍정적,긍정적,긍정적,긍정적,부정적,긍정적,긍정적,긍정적,긍정적,긍정적,긍정적,긍정적,부정적,긍정적,음성 평가 결과의 주요 지표인 등급 부여 기준,중립적,긍정적,긍정적,긍정적,긍정적,긍정적,긍정적,중립적,긍정적,negative,긍정적,중립적,긍정적,긍정적,긍정적,긍정적,긍정적,긍정적,긍정적,긍정적,긍정적,긍정적,긍정적,긍정적,긍정적,중립적,긍정적,긍정적,긍정적,긍정적,긍정적,긍정적,긍정적,중립적,긍정적,"""긍정적""",긍정적,긍정적,긍정적,긍정적,긍정적,긍정적,긍정적,긍정적,긍정적,긍정적,긍정적,긍정적,긍정적,긍정적,긍정적,긍정적,긍정적,긍정적, positive,긍정적,긍정적,긍정적,긍정적,긍정적,긍정적,긍정적,긍정적,긍정적,긍정적,긍정적,긍정적,긍정적,positive,positive,부정적,긍정적,계약 체결,positive,긍정적,긍정적,긍정적,긍정적,"""김대중 시장 - '서울시민들이 어떤 지역에서든 쾌적하게 살 수 있도록 주택을 공급하겠다'.""",긍정적,긍정적,긍정적,긍정적,긍정적,긍정적,긍정적,긍정적,긍정적,긍정적,긍정적,긍정적,긍정적,긍정적,긍정적,긍정적,긍정적,긍정적,"""파트너사들과 긴밀한 협력을 바탕으로""",긍정적,긍정적,긍정적,긍정적,긍정적,긍정적,긍정적,긍정적,긍정적,긍정적,긍정적,긍정적,중립적,긍정적,긍정적,긍정적,긍정적,긍정적,긍정적,긍정적,긍정적,긍정적,긍정적,긍정적,긍정적,긍정적,긍정적,긍정적,긍정적,긍정적,긍정적,긍정적,긍정적,긍정적, positive,긍정적,긍정적,긍정적,긍정적,긍정적,긍정적,긍정적,긍정적,긍정적,긍정적,positive,긍정적,긍정적,긍정적,긍정적,긍정적,긍정적,긍정적,긍정적,positive,긍정적,긍정적,긍정적,긍정적,긍정적,긍정적,긍정적,긍정적,중립적,긍정적,긍정적,긍정적,긍정적,긍정적,긍정적,긍정적,긍정적,긍정적,긍정적,긍정적,긍정적,긍정적,긍정적,긍정적,긍정적,긍정적,긍정적,긍정적,긍정적,긍정적,부정적,긍정적,긍정적,긍정적,긍정적,부정적,긍정적,긍정적,긍정적,긍정적, positive,긍정적,긍정적,긍정적,긍정적,긍정적,긍정적,긍정적,긍정적,긍정적,긍정적,긍정적,긍정적,긍정적,긍정적,긍정적,긍정적,긍정적,긍정적,긍정적,긍정적,긍정적,긍정적,긍정적,긍정적,긍정적,긍정적,긍정적,긍정적,긍정적,긍정적,긍정적,긍정적,긍정적,긍정적,긍정적,긍정적,긍정적,긍정적,긍정적,positive,긍정적,긍정적,긍정적,부정적,긍정적,긍정적,긍정적,긍정적,긍정적,긍정적, positive,중립적,긍정적,긍정적,긍정적,긍정적,긍정적,긍정적,긍정적,긍정적,긍정적,긍정적,긍정적,긍정적,긍정적,긍정적,긍정적,긍정적,긍정적,긍정적,긍정적,긍정적,부정적,긍정적,긍정적,긍정적,긍정적,긍정적, positive,긍정적,긍정적,긍정적,긍정적,긍정적,긍정적,긍정적,긍정적,긍정적,긍정적,부정적,긍정적,긍정적,긍정적,긍정적,긍정적,긍정적,긍정적,긍정적,긍정적,긍정적,긍정적,긍정적,긍정적,긍정적,긍정적,긍정적,긍정적,중립적,긍정적,긍정적,긍정적,긍정적,긍정적,긍정적,부정적,긍정적,긍정적,긍정적,긍정적,긍정적,중립적,긍정적,긍정적,긍정적,긍정적,긍정적,긍정적,긍정적,긍정적,긍정적,긍정적,긍정적,긍정적,긍정적,긍정적,긍정적,긍정적,긍정적,긍정적,긍정적,긍정적,긍정적,중립적,긍정적,"▲ 전문가들의 분석과 지적이 포함된 점을 고려할 때, 이번 사태는 복잡한 기술적·보안적 리스크를 드러낸 부정적 사건으로 판단됩니다.  
**부정적**",긍정적,긍정적,긍정적,긍정적,긍정적,긍정적,긍정적,긍정적,긍정적,긍정적,긍정적,긍정적,긍정적,긍정적,긍정적,긍정적,긍정적,긍정적,긍정적,긍정적,긍정적,긍정적,긍정적,긍정적,긍정적,긍정적,중립적,중립적,긍정적,긍정적,긍정적,긍정적,중립적, positive,긍정적,부정적,긍정적,긍정적,긍정적,긍정적,긍정적,긍정적,긍정적,긍정적,긍정적,긍정적,긍정적,긍정적,긍정적,긍정적,긍정적,긍정적,긍정적,긍정적,긍정적,부정적,긍정적,긍정적,긍정적, positive,긍정적,긍정적,긍정적,긍정적,긍정적,긍정적, positive,긍정적,긍정적,긍정적,긍정적,긍정적,긍정적,긍정적,긍정적,긍정적,긍정적,긍정적,긍정적,긍정적,부정적,긍정적,positive,긍정적,긍정적,긍정적,긍정적,긍정적,긍정적,긍정적,긍정적,긍정적,긍정적,긍정적,긍정적,긍정적,긍정적,긍정적,긍정적,긍정적,긍정적,긍정적,긍정적,긍정적,긍정적,긍정적,긍정적,긍정적,긍정적,긍정적,긍정적,긍정적,긍정적,긍정적,긍정적,긍정적,긍정적,긍정적,긍정적, positive,긍정적,긍정적,긍정적,긍정적,긍정적,긍정적,긍정적,긍정적,긍정적,중립적,긍정적,긍정적,긍정적,긍정적,긍정적,긍정적,긍정적,positive,긍정적,긍정적,중립적,긍정적,긍정적,긍정적,긍정적,긍정적,긍정적,긍정적,긍정적,부정적,긍정적,긍정적,긍정적,긍정적,긍정적,긍정적,긍정적,긍정적,긍정적,긍정적,긍정적, positive,부정적,긍정적,긍정적,긍정적,긍정적,긍정적,부정적,"""긍정적""",긍정적,긍정적,긍정적,부정적,긍정적,긍정적,긍정적,긍정적,긍정적,긍정적, positive,긍정적,긍정적,긍정적,긍정적,긍정적,"""긍정적""",긍정적,긍정적,긍정적,긍정적,긍정적,긍정적,중립적,positive,긍정적,긍정적,긍정적,긍정적,긍정적,긍정적,긍정적,긍정적,긍정적,긍정적, positive,긍정적,긍정적,긍정적,긍정적,긍정적,긍정적,긍정적,긍정적,긍정적,중립적,긍정적,긍정적,긍정적,긍정적,긍정적,긍정적,긍정적,긍정적,긍정적,긍정적,긍정적,긍정적,긍정적,긍정적,긍정적,긍정적,긍정적,긍정적,긍정적,positive,긍정적,긍정적,긍정적,긍정적,긍정적,긍정적,긍정적,긍정적,긍정적,긍정적, positive,긍정적,긍정적,긍정적,positive,긍정적,긍정적,긍정적,긍정적,긍정적,긍정적,긍정적,긍정적,긍정적,긍정적,긍정적,긍정적,긍정적,긍정적,중립적,긍정적, positive,긍정적,긍정적,긍정적,긍정적,긍정적,긍정적,긍정적,긍정적,긍정적,중립적,긍정적,긍정적,긍정적,긍정적,긍정적, positive,긍정적,긍정적,긍정적,중립적,긍정적,긍정적,긍정적,긍정적,긍정적,긍정적,긍정적,긍정적,긍정적,긍정적,긍정적,긍정적,긍정적,긍정적,긍정적,positive,긍정적,긍정적,긍정적,긍정적, positive,긍정적,부정적,긍정적,긍정적,긍정적,긍정적,긍정적,긍정적,긍정적,긍정적,긍정적,긍정적,긍정적,부정적,긍정적,긍정적,긍정적,긍정적,긍정적,긍정적,중립적,긍정적,중립적,중립적,긍정적,긍정적,긍정적,긍정적,"음, 제공된 기사 내용을 분석해 보면 다음과 같습니다:  

1. **긍정적 요소**:  
   - 코스닥 상장 목표(3분기 진입 계획)와 기대매출 확대(200억 원 이상) 언급.  
   - 장대표의 기술 혁신 강조(""고용량 탑재 기술"", ""캐스팅 방식으로 생산 시간 단축"").  
   - 해외 시장 공략 및 건기식 규제 장점 활용 전략 소개.  

2. **중립적 요소**:  
   - 매출 성장 예측은 있으나 구체적 수치(예시 100억 원)만 제시해 객관성 유지.  
   - 경쟁사 대비 우위점은 기술 설명으로 한정되어 분석 범위가 제한됨.  

3. **부정적 요소**:  
   - 코스닥 상장 지연 경험 등 부정적 사례는 있으나(단점), 개선 의지를 부각시킴.  

종합적으로, 기사의 주요 흐름은 기업 성장 동력과 해외 진출 전략을 강조하며 **긍정적 서사**에 가깝습니다. 따라서 가장 적합한 키워드는 다음과 같습니다:  

✅ **긍정적**",긍정적,긍정적,긍정적,긍정적,긍정적,긍정적,긍정적,긍정적,긍정적,긍정적,긍정적,긍정적,긍정적,긍정적,긍정적,긍정적,긍정적,긍정적,긍정적,긍정적,positive,긍정적, positive,긍정적,긍정적,긍정적,긍정적,긍정적,긍정적,긍정적,긍정적,positive,긍정적,긍정적,긍정적,긍정적,긍정적,긍정적, positive,긍정적,긍정적,긍정적,긍정적,긍정적,positive,긍정적,긍정적,긍정적,긍정적,긍정적,긍정적,긍정적,긍정적,positive,긍정적,"""최고 등급""",긍정적,긍정적,긍정적,긍정적,긍정적,부정적,긍정적,긍정적,긍정적,긍정적,긍정적,긍정적,positive,긍정적,긍정적,긍정적,긍정적,긍정적,긍정적,긍정적,긍정적,긍정적,긍정적,긍정적,긍정적,긍정적,긍정적,긍정적,긍정적,긍정적,긍정적,긍정적,긍정적,긍정적,긍정적,중립적,긍정적,긍정적,긍정적,긍정적,긍정적,긍정적,긍정적,긍정적,긍정적,부정적,긍정적,부정적,긍정적,긍정적,긍정적,긍정적,긍정적,긍정적,긍정적,긍정적,긍정적,긍정적,긍정적,긍정적,긍정적,긍정적,긍정적,긍정적,긍정적,긍정적,긍정적,긍정적,긍정적,긍정적,긍정적,긍정적,긍정적,긍정적,긍정적,긍정적,긍정적,긍정적,긍정적,긍정적,긍정적,긍정적,긍정적,긍정적,긍정적,긍정적,긍정적,긍정적,긍정적,긍정적,긍정적,긍정적,긍정적,긍정적,긍정적,긍정적,긍정적,부정적,부정적,긍정적,긍정적,긍정적,긍정적,긍정적,부정적,긍정적,긍정적,긍정적,긍정적,긍정적,긍정적,부정적,긍정적,긍정적,긍정적,긍정적,긍정적,긍정적,긍정적,긍정적,긍정적,부정적,긍정적,긍정적,긍정적,긍정적,긍정적,긍정적,긍정적,긍정적,긍정적,긍정적,긍정적,긍정적,긍정적,긍정적,긍정적,긍정적,긍정적,긍정적,긍정적,긍정적,긍정적,긍정적,긍정적,긍정적,긍정적,"""긍정적""",부정적,긍정적, positive,긍정적,긍정적,긍정적,긍정적,긍정적,긍정적,긍정적,긍정적,positive,긍정적,긍정적,긍정적,긍정적,긍정적,긍정적,긍정적,긍정적,긍정적,긍정적,긍정적,긍정적,긍정적,긍정적,긍정적,긍정적,긍정적,긍정적,긍정적,긍정적,긍정적,긍정적,긍정적,긍정적,긍정적,긍정적,긍정적,긍정적,긍정적,긍정적,긍정적,긍정적,긍정적,긍정적,긍정적,긍정적,긍정적,긍정적,긍정적,긍정적,긍정적,긍정적,긍정적,긍정적,긍정적,긍정적,긍정적,긍정적,긍정적,긍정적,긍정적,긍정적,긍정적,긍정적,긍정적,긍정적,긍정적,부정적,긍정적,긍정적,긍정적,긍정적,중립적,긍정적,긍정적,긍정적,긍정적,긍정적,긍정적,긍정적,긍정적,긍정적,긍정적,긍정적,긍정적,긍정적,긍정적,긍정적,긍정적,긍정적,긍정적,긍정적,긍정적,긍정적,긍정적,긍정적,긍정적,긍정적,긍정적,긍정적,긍정적,긍정적,긍정적,긍정적,긍정적,긍정적,긍정적,긍정적,긍정적,긍정적,긍정적,긍정적,긍정적,긍정적,긍정적,긍정적,긍정적,positive,긍정적,긍정적,부정적,긍정적,긍정적,긍정적,긍정적,긍정적,긍정적,긍정적,negative,긍정적,긍정적, positive,긍정적,긍정적,긍정적,긍정적,긍정적,긍정적,positive,positive,긍정적,긍정적,긍정적,긍정적,긍정적,긍정적,긍정적,긍정적,긍정적,긍정적,긍정적,긍정적,긍정적,긍정적,긍정적,긍정적,긍정적,긍정적,긍정적,긍정적,긍정적,긍정적,긍정적,"""중립적""",positive,긍정적,긍정적,긍정적,긍정적,긍정적,긍정적,긍정적,긍정적,긍정적,긍정적,긍정적,긍정적,긍정적,긍정적,긍정적,긍정적,긍정적,긍정적,긍정적,긍정적,긍정적,긍정적,긍정적,긍정적,긍정적,긍정적,긍정적,긍정적,긍정적,긍정적,긍정적,긍정적,긍정적,긍정적,긍정적,부정적,긍정적,긍정적,중립적,긍정적,긍정적,긍정적,positive,긍정적,긍정적,긍정적,긍정적,긍정적,긍정적,긍정적,긍정적,긍정적,긍정적,긍정적,긍정적,긍정적,긍정적,긍정적,긍정적,긍정적,긍정적,긍정적,긍정적,긍정적,긍정적,부정적,긍정적,긍정적,긍정적,긍정적,긍정적,긍정적,긍정적,긍정적,긍정적,긍정적,positive,긍정적,긍정적,긍정적,긍정적,긍정적,긍정적,긍정적,긍정적,긍정적,긍정적,긍정적,긍정적,긍정적,긍정적,긍정적,긍정적,긍정적,긍정적,긍정적,긍정적,긍정적,긍정적,긍정적,긍정적,긍정적,긍정적,긍정적,긍정적,긍정적,긍정적,긍정적,긍정적,긍정적,긍정적,긍정적,긍정적,긍정적,긍정적,긍정적,긍정적,긍정적,긍정적,긍정적,긍정적,긍정적,긍정적,긍정적,긍정적,긍정적,긍정적,긍정적,긍정적,긍정적,긍정적,긍정적,긍정적,긍정적,긍정적,긍정적,긍정적,긍정적,긍정적,긍정적,긍정적,긍정적,중립적,긍정적,긍정적,부정적,긍정적,긍정적,긍정적,긍정적,긍정적,긍정적,중립적,긍정적,긍정적,긍정적,긍정적,긍정적,긍정적,긍정적,긍정적,긍정적,positive,부정적,긍정적,부정적,긍정적,긍정적,부정적,긍정적,긍정적,부정적,긍정적,긍정적,긍정적,긍정적,부정적,긍정적,긍정적,negative,긍정적,긍정적,긍정적,긍정적,긍정적,긍정적,positive,긍정적,긍정적,긍정적,긍정적,긍정적,긍정적,긍정적,긍정적,긍정적,긍정적,긍정적,긍정적,긍정적,긍정적,긍정적,긍정적,긍정적,긍정적,긍정적,긍정적,긍정적,긍정적,부정적,긍정적,긍정적,긍정적,긍정적,긍정적,긍정적,긍정적,부정적,중립적,긍정적,부정적,긍정적,긍정적,긍정적,긍정적,부정적,"""긍정적""",부정적,긍정적,긍정적,긍정적,positive,긍정적,긍정적,부정적,긍정적,긍정적,부정적,긍정적,긍정적,긍정적,긍정적,긍정적,positive,긍정적,긍정적,긍정적,부정적,긍정적,긍정적,부정적,중립적,부정적,긍정적,긍정적,긍정적,긍정적,긍정적,긍정적,긍정적,긍정적,긍정적,긍정적,긍정적,긍정적,positive,긍정적, positive,"에이비온: ★★★★★ (법차손 리스크 해소 및 주주가치 제고로 상승)  
에스바이오메딕스: ★★★★★ ('TED-A9 미국 임상 진입으로 주가 급등')",긍정적,긍정적,긍정적,긍정적,긍정적,긍정적,긍정적,긍정적,긍정적,중립적,긍정적,긍정적,긍정적,긍정적,긍정적,긍정적,긍정적,긍정적,긍정적,긍정적,긍정적,긍정적,긍정적,긍정적,긍정적,긍정적,긍정적,긍정적,긍정적,긍정적,긍정적,긍정적,긍정적,중립적,긍정적, positive,긍정적,긍정적,긍정적,긍정적,긍정적,긍정적,긍정적,긍정적,긍정적,부정적,긍정적,긍정적,긍정적,긍정적,긍정적,긍정적,긍정적,긍정적,긍정적,긍정적,긍정적,긍정적,긍정적,긍정적,긍정적,긍정적,긍정적,긍정적,긍정적,긍정적,긍정적,긍정적,긍정적,긍정적,긍정적,긍정적,긍정적,긍정적,긍정적,긍정적,긍정적,긍정적, positive, positive,긍정적,긍정적,긍정적,긍정적,긍정적,긍정적,긍정적,긍정적,긍정적,"""긍정적""",긍정적,긍정적,긍정적,긍정적,긍정적,부정적,긍정적,긍정적,긍정적,긍정적,긍정적,긍정적,긍정적,긍정적, positive,긍정적,긍정적,긍정적,긍정적,긍정적,긍정적,긍정적,긍정적,긍정적,긍정적,긍정적,긍정적,긍정적,긍정적,부정적,긍정적,긍정적,긍정적,긍정적,긍정적,긍정적,positive,긍정적,긍정적,긍정적,긍정적,긍정적,긍정적,긍정적,긍정적,긍정적,긍정적,긍정적,긍정적,긍정적,긍정적,긍정적, positive,긍정적,긍정적,긍정적,긍정적,긍정적,긍정적,긍정적,긍정적,부정적,긍정적,긍정적,긍정적,긍정적,긍정적,긍정적,긍정적,긍정적,긍정적,긍정적,긍정적,긍정적,긍정적,긍정적,긍정적,긍정적,긍정적,긍정적, positive,긍정적,긍정적,긍정적,긍정적,긍정적,긍정적,긍정적,"""중립적""",긍정적,긍정적,긍정적,positive,긍정적,긍정적,긍정적,긍정적,긍정적,긍정적,긍정적,긍정적,긍정적,긍정적,긍정적,긍정적,긍정적,긍정적,긍정적,긍정적,긍정적,긍정적,긍정적,긍정적,긍정적,positive,긍정적,긍정적,긍정적,긍정적,긍정적,긍정적,긍정적,긍정적,긍정적,긍정적,부정적,긍정적,긍정적,긍정적,긍정적,긍정적,긍정적,긍정적,긍정적,긍정적,긍정적,긍정적,긍정적,긍정적,긍정적,긍정적,긍정적,긍정적,부정적,긍정적,긍정적,긍정적,긍정적,긍정적,긍정적,긍정적,긍정적,긍정적,긍정적, positive,긍정적,긍정적,긍정적,긍정적,긍정적,긍정적,긍정적,긍정적,긍정적,긍정적,긍정적,긍정적,긍정적,긍정적,긍정적,긍정적,positive,긍정적,긍정적, positive,긍정적,긍정적,긍정적,긍정적,긍정적,긍정적,긍정적,긍정적,"""지원한다""",긍정적,긍정적,긍정적,긍정적,긍정적,긍정적,긍정적,긍정적,긍정적,긍정적,긍정적,긍정적,긍정적,positive,긍정적,긍정적,positive,긍정적,긍정적,긍정적,긍정적,긍정적,긍정적,긍정적,긍정적,긍정적,긍정적,긍정적,긍정적,긍정적,긍정적,긍정적,긍정적,긍정적,긍정적,긍정적,긍정적,"""긍정적""",긍정적,긍정적,긍정적,긍정적,긍정적,긍정적,긍정적,긍정적,긍정적,긍정적,긍정적,긍정적,긍정적,긍정적,긍정적,긍정적,긍정적,긍정적,긍정적,긍정적,positive,긍정적,부정적,부정적,긍정적,긍정적,긍정적,긍정적,긍정적,긍정적,긍정적,긍정적,긍정적,긍정적,긍정적,긍정적,긍정적,긍정적,긍정적,긍정적,긍정적,긍정적,긍정적,긍정적,긍정적,긍정적,긍정적,긍정적,긍정적,긍정적, positive,- 긍정적,긍정적, positive,긍정적,긍정적,긍정적,긍정적,긍정적,긍정적,긍정적,긍정적,긍정적,부정적,긍정적,긍정적,긍정적,긍정적,긍정적,긍정적,중립적,긍정적,긍정적, positive,긍정적,긍정적,긍정적,긍정적,긍정적,긍정적,긍정적,긍정적,긍정적,긍정적,긍정적,긍정적,중립적,중립적,긍정적,긍정적,긍정적,긍정적,긍정적,positive,긍정적,긍정적,긍정적,긍정적,긍정적,긍정적,긍정적,긍정적,긍정적,긍정적,긍정적,긍정적,긍정적,긍정적,긍정적,긍정적,긍정적,긍정적,긍정적,긍정적,긍정적,긍정적,부정적,긍정적,긍정적,긍정적,긍정적,중립적,긍정적,긍정적,긍정적,긍정적,긍정적,긍정적,긍정적,긍정적,긍정적,positive,긍정적,긍정적,긍정적,긍정적,긍정적,긍정적,긍정적,긍정적, positive,긍정적,긍정적,긍정적,긍정적,긍정적,중립적,긍정적,긍정적,긍정적,긍정적,부정적,긍정적,긍정적,긍정적,긍정적,긍정적,부정적,긍정적,긍정적,긍정적,긍정적,긍정적,긍정적,긍정적,긍정적,긍정적,긍정적,긍정적,긍정적,긍정적,긍정적,긍정적,긍정적,긍정적,긍정적,긍정적,긍정적,긍정적,긍정적,긍정적,긍정적,중립적,긍정적,부정적,긍정적,긍정적,부정적,긍정적,긍정적,중립적,긍정적,긍정적,중립적,긍정적,긍정적,중립적,부정적,긍정적,긍정적,긍정적,긍정적,긍정적,긍정적,긍정적,긍정적,긍정적,긍정적,긍정적,positive,긍정적,긍정적,긍정적, positive,긍정적,긍정적,긍정적,긍정적,positive, positive,긍정적,긍정적,긍정적,긍정적,긍정적,긍정적,긍정적,긍정적,긍정적,긍정적,긍정적,긍정적,긍정적,긍정적,긍정적,긍정적,긍정적,긍정적,긍정적,긍정적,긍정적,긍정적,긍정적, positive,긍정적,긍정적,긍정적,긍정적,긍정적,긍정적,긍정적,긍정적, positive,긍정적,긍정적,긍정적,긍정적,긍정적,긍정적,긍정적,긍정적,긍정적,긍정적, positive,긍정적,중립적,긍정적,긍정적,긍정적,긍정적,긍정적,긍정적,positive,긍정적,긍정적,긍정적,긍정적,긍정적,긍정적,긍정적,긍정적,긍정적,긍정적,긍정적,긍정적,긍정적,긍정적,긍정적,긍정적,긍정적,긍정적,긍정적,긍정적,긍정적,긍정적,긍정적,긍정적,긍정적,긍정적,긍정적,긍정적,긍정적,긍정적,긍정적,긍정적,긍정적,긍정적,긍정적,긍정적,긍정적,긍정적,긍정적,긍정적,긍정적,긍정적,긍정적,"중·소형 장비 중심의 두산밥캣은 같은 전시회에서 개발 중인 5톤(t)급 수소연료전지 지게차의 시제품을 전시했다. 지난해 1월에는 국내 최초로 2.5~3.5t의 수소연료전지 지게차 상용화에 성공하고 민간 공급에도 나섰으며, 업계는 기술 고도화와 확산을 위해 규제 완화 및 보조금 지원 필요성을 제기했다.",positive,긍정적,긍정적,positive,긍정적,긍정적,긍정적,긍정적,긍정적,긍정적,긍정적,긍정적,긍정적,긍정적,긍정적,긍정적,긍정적,긍정적,중립적,긍정적,긍정적, positive,긍정적,긍정적,긍정적,부정적,긍정적,긍정적,긍정적,긍정적,긍정적,긍정적,긍정적,긍정적,긍정적,긍정적,긍정적,긍정적,긍정적,긍정적,긍정적, positive,긍정적,긍정적,긍정적,긍정적,긍정적,긍정적,긍정적,긍정적, positive,긍정적,긍정적,긍정적,긍정적,긍정적,긍정적,긍정적,긍정적,긍정적,긍정적,긍정적,긍정적, positive,긍정적,긍정적,긍정적,긍정적,긍정적,긍정적,긍정적,긍정적,긍정적,긍정적,긍정적,positive,긍정적,긍정적,긍정적,긍정적,긍정적,긍정적,긍정적,부정적,positive,긍정적,부정적,긍정적,긍정적,긍정적,긍정적,긍정적,긍정적,긍정적,긍정적,부정적,긍정적,중립적,긍정적,긍정적,긍정적,긍정적,긍정적,긍정적,긍정적,긍정적,긍정적,긍정적,positive, positive,긍정적,긍정적,긍정적,긍정적,긍정적,긍정적,긍정적,긍정적,긍정적,긍정적,긍정적,긍정적,긍정적,긍정적,긍정적, positive,긍정적, positive, positive,긍정적,긍정적,부정적,긍정적,긍정적,긍정적,긍정적,긍정적,긍정적,긍정적,긍정적,긍정적,긍정적,positive,긍정적,부정적,긍정적,긍정적,긍정적,긍정적,긍정적,긍정적,긍정적,긍정적,부정적,긍정적,긍정적,긍정적,부정적,긍정적,긍정적,부정적,긍정적,긍정적,긍정적,긍정적,긍정적,긍정적,긍정적,긍정적,긍정적,긍정적,부정적,긍정적,긍정적,긍정적,긍정적,긍정적,긍정적,긍정적,긍정적,긍정적,긍정적,긍정적,positive,긍정적,중립적,긍정적,부정적,긍정적,긍정적,긍정적,긍정적,긍정적,긍정적,긍정적,긍정적,부정적,긍정적,긍정적,긍정적,긍정적,긍정적,긍정적,긍정적,긍정적,긍정적, positive,긍정적,긍정적,긍정적,긍정적,긍정적,긍정적,부정적,부정적,부정적,긍정적,부정적,긍정적,긍정적,긍정적,긍정적,긍정적,긍정적,긍정적,긍정적,중립적,긍정적,긍정적,부정적,부정적,긍정적,부정적,긍정적,"중장이 혼조로 마무리된 점과 외국인 및 개인 순매수에도 기관 매도 등으로 인해 Overall 부정적인 영향이 큰 상황을 고려할 때, 이 날의 코스피 및 코스닥 시장 흐름은 **부정적**이라고 판단됩니다.",긍정적,긍정적,긍정적,긍정적,긍정적,긍정적,긍정적,긍정적,긍정적,긍정적, positive,긍정적,긍정적,긍정적,긍정적,긍정적,긍정적,긍정적,positive,긍정적,긍정적,긍정적,긍정적,긍정적,긍정적,긍정적,긍정적,긍정적,부정적,부정적,부정적,긍정적,긍정적,긍정적,긍정적,긍정적,긍정적,긍정적,긍정적,중립적,긍정적,긍정적, positive,긍정적,긍정적,긍정적,긍정적,긍정적,positive,부정적,긍정적,긍정적,긍정적,부정적,긍정적,긍정적,긍정적,긍정적,긍정적,긍정적,긍정적,긍정적,긍정적,긍정적,긍정적,긍정적,긍정적,긍정적,긍정적,긍정적,긍정적,부정적,긍정적,긍정적,negative,긍정적,긍정적,긍정적, positive,긍정적,긍정적,긍정적,긍정적,긍정적,긍정적,긍정적,긍정적,긍정적,긍정적,긍정적,부정적,긍정적,긍정적,긍정적,긍정적,긍정적,부정적,긍정적,긍정적,긍정적,긍정적,긍정적,긍정적,긍정적,긍정적,긍정적,긍정적,긍정적,긍정적,긍정적,긍정적,긍정적,긍정적,긍정적,긍정적,긍정적,긍정적,긍정적,긍정적,긍정적,긍정적,부정적,중립적,긍정적,긍정적,긍정적,긍정적,긍정적,부정적,긍정적,긍정적,중립적,긍정적,중립적,부정적,긍정적,긍정적,긍정적,긍정적,긍정적,긍정적,긍정적,긍정적,긍정적,중립적,"""강화되다""",부정적,긍정적,긍정적,긍정적,긍정적,긍정적,긍정적,긍정적,부정적,긍정적,긍정적,부정적,부정적,긍정적,긍정적,부정적,부정적,중립적,중립적,긍정적,긍정적,부정적,긍정적,부정적,긍정적,positive,중립적,중립적,긍정적,긍정적,부정적,부정적,부정적,부정적,긍정적,긍정적,부정적,긍정적,부정적,긍정적,긍정적,긍정적,긍정적,부정적,긍정적,부정적,긍정적,negative,긍정적,긍정적,긍정적,"5. KAIST가 내년부터 ‘AI 단과대학’을 신설하고 해당 정원도 학부 100명을 포함해 300명 늘리기로 했습니다. 정부는 KAIST를 시작으로 2027년까지 광주과학기술원(GIST), 대구경북과학기술원(DGIST), 울산과학기술원(UNIST) 등 다른 3대 과기원에도 AI 단과대학을 순차적으로 설립해 ‘AI 인재 양성 벨트’를 구축하기로 했다.",긍정적,positive,긍정적,긍정적,부정적,긍정적,긍정적,긍정적,긍정적,긍정적,긍정적,긍정적,부정적,긍정적,중립적,positive,긍정적, positive,긍정적,긍정적,긍정적,긍정적,긍정적,긍정적,긍정적,긍정적,긍정적,긍정적,긍정적,부정적,긍정적,긍정적,중립적,긍정적,긍정적,긍정적,긍정적,긍정적,긍정적,긍정적,긍정적,긍정적,긍정적,긍정적,긍정적,부정적,긍정적,긍정적,긍정적,긍정적,긍정적,긍정적,긍정적,긍정적,긍정적,긍정적,긍정적,긍정적,긍정적,긍정적,긍정적,긍정적,긍정적,긍정적,긍정적,긍정적,긍정적,긍정적,긍정적,"""중립적""",긍정적,긍정적,긍정적,긍정적,긍정적,긍정적,negative,긍정적,긍정적,긍정적,긍정적,긍정적,긍정적,긍정적,긍정적,긍정적,부정적, positive,긍정적,긍정적,긍정적,긍정적,positive,긍정적,긍정적,긍정적,긍정적,긍정적,긍정적,긍정적,긍정적,긍정적,긍정적,긍정적,긍정적,긍정적,긍정적,긍정적,긍정적,긍정적,부정적,긍정적,긍정적,긍정적,긍정적,긍정적,긍정적,긍정적,긍정적,긍정적,긍정적,긍정적,긍정적,부정적,긍정적,긍정적,긍정적,긍정적,긍정적,긍정적,긍정적,긍정적,긍정적,긍정적,긍정적,긍정적,긍정적,긍정적,긍정적,긍정적,부정적,긍정적,긍정적,positive,긍정적,긍정적,긍정적,긍정적,긍정적,긍정적,긍정적,긍정적,긍정적,긍정적,긍정적,긍정적,긍정적,중립적,긍정적,긍정적,긍정적,긍정적,긍정적,긍정적,긍정적,긍정적,긍정적,긍정적,긍정적,긍정적,긍정적,긍정적,긍정적,긍정적,부정적,긍정적,긍정적,긍정적,긍정적,긍정적,긍정적,부정적,긍정적,긍정적,긍정적,긍정적,긍정적,긍정적,긍정적,긍정적,긍정적,긍정적,긍정적,긍정적,긍정적,긍정적,긍정적,긍정적,긍정적,긍정적,긍정적,긍정적,긍정적,negative,긍정적,긍정적,긍정적,중립적,긍정적,positive,긍정적,긍정적,긍정적,긍정적,긍정적,긍정적,긍정적,긍정적,긍정적,긍정적,긍정적,긍정적,중립적,긍정적,긍정적,긍정적,긍정적,긍정적,긍정적,긍정적,긍정적,긍정적,긍정적,부정적, positive,긍정적,긍정적, positive,긍정적,긍정적,긍정적,긍정적,긍정적,긍정적,긍정적,중립적,긍정적,긍정적,긍정적,긍정적,부정적,부정적,긍정적,긍정적,긍정적,긍정적,긍정적,긍정적,긍정적,긍정적,긍정적,부정적,긍정적,긍정적,중립적,긍정적,긍정적,긍정적,긍정적,긍정적,부정적,긍정적,긍정적,positive,긍정적,긍정적,긍정적,긍정적,긍정적,긍정적,긍정적,긍정적,긍정적,긍정적,중립적,긍정적,긍정적,긍정적,긍정적,긍정적,긍정적,긍정적,긍정적,긍정적,긍정적,긍정적,긍정적,긍정적,긍정적,"""긍정적""",긍정적,긍정적,긍정적,긍정적,긍정적,중립적,긍정적,긍정적,긍정적,긍정적,부정적,긍정적,긍정적,긍정적,긍정적,부정적,긍정적,긍정적,긍정적,positive,긍정적,긍정적,negative,긍정적,"음, 이 사례에서 가장 긍정적인 인상을 주는 키워드를 고르자면 ""청약 당첨 기대와 수요 증가""가 가장 적절하겠네요.",긍정적,긍정적,긍정적,"""규제 강화에도 불구하고 수도권 주요 지역 아파트값 상승세 지속, 실수요자에게 실질적 대안 마련 가능""",긍정적,긍정적,긍정적,부정적, positive,긍정적,긍정적,긍정적,긍정적,부정적,긍정적,긍정적,긍정적,긍정적,긍정적,긍정적,긍정적,긍정적,긍정적,긍정적,긍정적,긍정적,부정적,부정적,긍정적,부정적,긍정적,긍정적,긍정적,긍정적,긍정적,긍정적,긍정적,긍정적,긍정적,부정적,긍정적,긍정적,긍정적,긍정적,긍정적,긍정적,긍정적,긍정적,긍정적,긍정적,긍정적,긍정적,긍정적,긍정적,긍정적,긍정적,긍정적,긍정적,긍정적,긍정적,긍정적,긍정적,긍정적,부정적,긍정적,긍정적,긍정적,긍정적,긍정적,긍정적,긍정적,긍정적,긍정적,부정적,빅텍(065450)=111억 원 규모 소형전자전장비 공급계약 체결,positive,긍정적,긍정적,긍정적,부정적,긍정적,긍정적,긍정적,긍정적,중립적,긍정적,긍정적,긍정적,긍정적,긍정적,긍정적,긍정적,긍정적,긍정적,긍정적,중립적,긍정적,긍정적,긍정적,긍정적,긍정적,긍정적,긍정적,긍정적,중립적,긍정적,긍정적,긍정적,부정적,긍정적,긍정적,긍정적,긍정적,부정적,중립적,긍정적,긍정적,긍정적,중립적,긍정적,긍정적,부정적, positive,긍정적,긍정적,긍정적,긍정적,긍정적,긍정적,긍정적, positive,긍정적,긍정적,긍정적,긍정적,긍정적,긍정적,부정적,긍정적,긍정적,긍정적,부정적,긍정적,긍정적,긍정적,긍정적,긍정적,긍정적,긍정적,부정적,긍정적,중립적,중립적,긍정적,긍정적,긍정적,긍정적,긍정적,긍정적,긍정적,긍정적,긍정적,긍정적,긍정적,부정적,긍정적,긍정적,긍정적,긍정적,부정적,부정적,긍정적,긍정적,중립적,긍정적,긍정적,중립적,긍정적,긍정적,긍정적,긍정적,긍정적,부정적,긍정적,긍정적,긍정적,긍정적,부정적,부정적,긍정적,긍정적,긍정적,긍정적,긍정적,중립적,긍정적,긍정적,중립적,중립적,부정적,부정적,"""긍정적""",긍정적,부정적,긍정적,부정적,부정적,부정적,중립적,부정적,부정적,긍정적,긍정적,부정적,긍정적,긍정적,긍정적,긍정적,긍정적,부정적,부정적,negative,긍정적,중립적,중립적,부정적,부정적,부정적,긍정적,부정적,"""부정적""",긍정적,긍정적,**긍정적**,부정적,긍정적,긍정적,긍정적,긍정적,긍정적,긍정적,긍정적,긍정적,"""긍정적""",긍정적,"현재 기사 내용에 '긍정적' 키워드가 다수 포함되어 있습니다. 주요 highlights는 다음과 같습니다:  

1. **기업 성장 의지**  
   - 노시철 회장은 ""내년 생산수율 85% 달성으로 영업이익률 30% 이상 목표""를 명시하며 공격적 투자 전략 강조  
   - 글로벌 시장 점유율 확대 계획 (일본·중국 등 주요국 공략) 및 AI 기술 선도 언급  

2. ** innovation 가속화**  
   - 공정별 AI 도입 성과 제시: 불량 감소, 생산성 향상(15~30% 개선) 및 포장·출하 효율화 구체적 수치 공유  
   - 포스트RATIONAL 렌즈(수술 후 복원용) 개발 발표 등 미래 제품 로드맵 공유  

3. **주주 중심 전략**  
   - 배당 인상(650원→실적 확대 시 추가 지급) 및 자사주 매입으로 주가 안정 도모  
   - 외국인 지분율 10% 유지로 자본 유동성 확보  

4. **위기 극복 사례**  
   - 초기 적자와 구조조정 과정에서도 내부 신뢰 기반 경영 지속 (""전화위복"" 이미지 활용)  

다만 최근 주가 하락 우려나 중장기 성장성 논란은 언급되지 않아 현재 톤은 대체로 낙관적입니다. 추가 분석이 필요할 경우 언제든지 요청해 주세요!",긍정적,긍정적,긍정적,"이 글은 기아 자동차의 부도 극복과 성장 과정을 설명하며, 특히 '언더독 효과'와 '격동 80년'이라는 비유를 통해 도전 정신과 회복력을 강조하고 있습니다. 실패와 어려움 속에서도 적극적으로 혁신하고 극복해온 사례는 지나치게 긍정적인 메시지에 가깝기 때문입니다.",긍정적,긍정적,중립적,긍정적,긍정적,긍정적,긍정적,긍정적,긍정적,긍정적,긍정적,긍정적,긍정적,긍정적,긍정적,긍정적,긍정적,긍정적,긍정적,긍정적,긍정적,긍정적,긍정적,긍정적,부정적,긍정적,긍정적,긍정적,긍정적,긍정적,긍정적,positive,positive,긍정적,긍정적,긍정적,중립적,긍정적,긍정적,긍정적,부정적,긍정적, positive,긍정적,긍정적,긍정적,긍정적,긍정적, positive,긍정적,부정적, positive,부정적,긍정적,"""전문가 권고안(PONENTE)""",긍정적,긍정적,긍정적,긍정적,긍정적,부정적,부정적,중립적,긍정적,긍정적,긍정적,긍정적,긍정적,긍정적,부정적,긍정적,긍정적,positive,긍정적,긍정적,긍정적,긍정적,긍정적,긍정적,긍정적,중립적,긍정적,긍정적,긍정적,긍정적,긍정적,긍정적,긍정적,긍정적, positive,긍정적,긍정적,긍정적,긍정적,부정적,긍정적,긍정적,긍정적,긍정적,긍정적,긍정적,긍정적,긍정적,긍정적,positive,긍정적,긍정적,긍정적,긍정적,긍정적,긍정적,긍정적,긍정적,부정적,부정적,긍정적,긍정적,긍정적,긍정적,긍정적,부정적,긍정적,긍정적,긍정적,긍정적,부정적,긍정적,긍정적,부정적,긍정적,부정적,긍정적,긍정적,중립적,긍정적,긍정적,부정적,부정적,긍정적,긍정적,긍정적,긍정적,부정적,긍정적,긍정적,긍정적,긍정적,부정적,긍정적,긍정적,긍정적,긍정적,긍정적,긍정적,긍정적,긍정적,긍정적,긍정적,긍정적,긍정적,긍정적,부정적,긍정적,긍정적,긍정적,부정적,긍정적,긍정적,긍정적,부정적,긍정적,긍정적,"주어진 다양한 출처와 뉴스 업데이트를 종합하여 주요 트렌드와 이슈들을 요약하면 다음과 같습니다:

### 1. **자동차 산업의 변화와 도전**  
- 현대 자동차의 5년 간 생산 중단된 CT 모델 8억 원이 재시동 포장을 뜯지 않은 채 규제로 인해 시장 복귀 지연 중  
- 차밸류체인 운영 노하우를 활용한 미래 사업 전략 강조 (예: 삼성의 D램 기술 및 차량 관리 맞춤형 컨설팅)  
- 그래핀 등 고가 소재 개발 시도와 상용화 전망이 혼재하는 기술 집약적 투자 증가  

### 2. **금융 및 정책 리스크 확대**  
- 한국은행이 대출채권 담보 긴급여신을 확대해 기업 자금 유동성 지원 ('대출채권' 활용)  
- 부동산 시장에서 장기 대손충당금 증가로 인한 운영 압박 심화 (""적자의 늪"" 지적)  
- 노동권 보호를 위한 징계 절차 단축 등 사회적 갈등 완화 시도 (고검장 감봉, 규정 위반 사례 공개)  

### 3. **사회경제적 흐름 반영**  
- 노인·노숙자 증가와 취약 계층 지원 확대 필요성 대두 (의사이든 노숙자 신분으로 노동 전환 논의)  
- 한국형 기회론에 대한 해외 시선 주목: 호찌민 시대의 '아시아 시장' 개척 사례 및 노벨상 수상자 관련 이야기  
- 집단적 행동주의 확산 ('필리버스터' politics)과 갈등 조정 사례 증가  

### 4. **지역별 특이 현상**  
- 갈자그래프 같은 혁신 소재에 대한 기대와 현실 간 괴리 문제 (반도체·배터리 분야 R&D 경쟁 심화)  
- 미국 금리 등 국제적 변수 모니터링 필요성 강조 ('positive/negative word 선택 추천')  

이처럼 다양한 산업군과 사회 구조에서규제·기술·시장 전략의 균형 잡기가 핵심 도전 과제로 부상했습니다. 특히 부동산·금융 정책과 인구구조 변화를 고려한 종합적 접근이 필요해 보입니다.",긍정적,긍정적,긍정적,긍정적,긍정적,긍정적,긍정적,부정적,긍정적,긍정적,긍정적,긍정적,긍정적,긍정적,긍정적,긍정적,긍정적,긍정적,긍정적,긍정적,긍정적,부정적,긍정적,긍정적,긍정적,긍정적,긍정적,긍정적,긍정적,긍정적,긍정적,긍정적,긍정적,긍정적,긍정적,긍정적,긍정적,긍정적,긍정적,긍정적,긍정적,"""긍정적""",긍정적,긍정적,중립적,긍정적,긍정적,긍정적,긍정적,긍정적,긍정적,긍정적,긍정적,긍정적,긍정적,긍정적,positive,긍정적,긍정적,긍정적,긍정적,긍정적,positive,긍정적,긍정적,긍정적,positive,긍정적,긍정적,긍정적,긍정적,중립적,긍정적,긍정적,긍정적,긍정적,중립적,긍정적,긍정적,긍정적,긍정적,긍정적,긍정적,긍정적,긍정적,긍정적,positive,긍정적,긍정적,긍정적,긍정적,긍정적,긍정적,긍정적,긍정적,긍정적,긍정적,긍정적,긍정적,긍정적,긍정적,긍정적,긍정적,긍정적,긍정적,긍정적,긍정적,긍정적,긍정적,긍정적,긍정적,긍정적,긍정적,긍정적,긍정적,긍정적, positive,긍정적,긍정적,긍정적,부정적,긍정적,긍정적,긍정적,긍정적,긍정적,부정적,긍정적,긍정적,긍정적,긍정적,긍정적,positive,긍정적,긍정적,긍정적,긍정적,긍정적,긍정적,긍정적,긍정적,긍정적,긍정적,긍정적,긍정적,긍정적,긍정적,긍정적,긍정적,긍정적,긍정적,긍정적,긍정적,긍정적,긍정적,긍정적,긍정적,긍정적,긍정적,긍정적,긍정적,긍정적,긍정적,부정적,긍정적,긍정적,긍정적,긍정적,긍정적,긍정적,긍정적,긍정적,긍정적,중립적,긍정적,긍정적,부정적,긍정적,긍정적,긍정적,긍정적,긍정적,긍정적,긍정적,긍정적,긍정적,긍정적,긍정적,긍정적,긍정적,긍정적,긍정적,긍정적,긍정적,긍정적,긍정적,긍정적,긍정적,긍정적,긍정적,긍정적,긍정적, positive,긍정적,긍정적,긍정적,긍정적,긍정적,긍정적,긍정적,긍정적,긍정적,긍정적,긍정적,긍정적,긍정적,긍정적,긍정적,긍정적,긍정적,긍정적,긍정적,긍정적,긍정적,긍정적,긍정적,긍정적,긍정적,긍정적,긍정적,긍정적,긍정적,긍정적,긍정적,중립적,긍정적,긍정적,긍정적,긍정적,중립적,긍정적,긍정적,중립적,긍정적,중립적,긍정적,긍정적,긍정적,긍정적,부정적,긍정적,긍정적,긍정적,긍정적,긍정적,부정적,긍정적,긍정적,긍정적,긍정적,긍정적,긍정적,긍정적,긍정적,positive,부정적,positive,중립적,긍정적,긍정적,positive,긍정적,부정적,긍정적,긍정적,긍정적,긍정적,긍정적,긍정적,긍정적,긍정적,긍정적,긍정적,긍정적,긍정적,긍정적,긍정적,긍정적,부정적,긍정적,긍정적,긍정적,긍정적,긍정적,긍정적,negative,긍정적,긍정적,긍정적,긍정적,부정적,긍정적,부정적,긍정적,긍정적,긍정적,긍정적,중립적,긍정적,긍정적,긍정적,긍정적,긍정적, positive,긍정적,긍정적,긍정적,긍정적,긍정적,긍정적,긍정적,긍정적,긍정적,긍정적,긍정적,긍정적,긍정적,positive,긍정적,긍정적,positive,긍정적,긍정적,긍정적,긍정적,긍정적,긍정적,긍정적,긍정적,긍정적,긍정적,긍정적,부정적,긍정적,긍정적,긍정적,긍정적,긍정적,긍정적,긍정적,긍정적,긍정적,긍정적, positive,긍정적,긍정적,긍정적,긍정적,긍정적,긍정적,긍정적,긍정적,긍정적,긍정적,긍정적,긍정적,긍정적,긍정적,긍정적,긍정적,긍정적,긍정적,긍정적,긍정적,긍정적,긍정적,긍정적,중립적,긍정적,긍정적,긍정적,긍정적,긍정적,긍정적,긍정적,긍정적,긍정적,긍정적,긍정적,긍정적,긍정적,중립적,긍정적,정박,긍정적,긍정적,긍정적,긍정적,긍정적,중립적,긍정적,긍정적,긍정적,긍정적,긍정적,긍정적,부정적,긍정적,긍정적,긍정적,긍정적,긍정적,부정적,긍정적,긍정적,긍정적,긍정적,긍정적,긍정적,긍정적,긍정적,부정적,positive,긍정적,긍정적,긍정적,긍정적,긍정적,"""신뢰성 확보""",중립적,중립적,긍정적,긍정적,긍정적,긍정적,긍정적,긍정적,긍정적,부정적,긍정적,부정적,중립적,긍정적,긍정적,긍정적,긍정적,긍정적,긍정적,긍정적,긍정적,positive,긍정적,긍정적,긍정적,긍정적,긍정적,긍정적,중립적,부정적,긍정적,긍정적,"""협약 체결""",긍정적,긍정적,긍정적,긍정적,긍정적,긍정적,중립적,긍정적,긍정적,긍정적,부정적,긍정적,긍정적,긍정적,긍정적,긍정적,부정적,긍정적,긍정적,긍정적,"""부정적""",긍정적,긍정적,부정적,부정적,긍정적,부정적,긍정적,긍정적,긍정적,긍정적,중립적,긍정적,부정적,긍정적,부정적,부정적,negative,긍정적,긍정적,긍정적,긍정적,긍정적,긍정적,긍정적,부정적,긍정적,중립적,긍정적,긍정적,긍정적,"""중립적""",사망,긍정적,긍정적,긍정적,긍정적,긍정적,긍정적,긍정적,negative,긍정적,긍정적,긍정적,긍정적,긍정적,긍정적,긍정적,긍정적,긍정적,긍정적,긍정적,"""[긍정적""",긍정적,긍정적,긍정적,긍정적,긍정적,긍정적, positive,긍정적,긍정적,긍정적,긍정적,긍정적,긍정적,긍정적,긍정적,긍정적,긍정적,긍정적,긍정적, positive,긍정적,긍정적,긍정적,긍정적,긍정적,긍정적,긍정적,긍정적,긍정적,긍정적,긍정적,긍정적,긍정적,긍정적,긍정적,긍정적,긍정적,긍정적,긍정적,긍정적,긍정적,부정적,긍정적,긍정적,긍정적,긍정적,긍정적,긍정적,부정적,긍정적,긍정적,긍정적,긍정적,긍정적,긍정적,긍정적,긍정적,긍정적,긍정적,긍정적,긍정적,긍정적,긍정적,긍정적,긍정적,긍정적,긍정적,긍정적,긍정적,긍정적,positive,긍정적,긍정적,긍정적,긍정적,긍정적,긍정적,긍정적,긍정적,긍정적,긍정적,긍정적,긍정적,긍정적,긍정적, positive,긍정적,긍정적,긍정적,긍정적,긍정적,긍정적,긍정적,positive,긍정적,긍정적,긍정적,긍정적,긍정적,긍정적,긍정적,긍정적,긍정적,긍정적,긍정적,긍정적, positive,긍정적,positive,긍정적,긍정적,긍정적,positive,긍정적,긍정적,긍정적,긍정적,긍정적,긍정적,긍정적,절차 진행,positive,긍정적,긍정적,긍정적,긍정적,긍정적,긍정적,긍정적,긍정적,긍정적,긍정적,긍정적,긍정적,부정적,긍정적,긍정적,긍정적,긍정적,긍정적,긍정적,긍정적,긍정적,긍정적,긍정적,긍정적,긍정적,긍정적,긍정적,긍정적,긍정적,긍정적,긍정적,긍정적,긍정적,긍정적,긍정적,긍정적,긍정적,긍정적,긍정적,긍정적,긍정적,긍정적,부정적,긍정적,긍정적,긍정적,긍정적,긍정적,긍정적,긍정적,긍정적,긍정적,긍정적,긍정적,긍정적,긍정적,긍정적,긍정적,긍정적,긍정적,긍정적,긍정적,긍정적,긍정적,긍정적,긍정적,긍정적,긍정적,긍정적,positive,긍정적,긍정적,긍정적,긍정적,긍정적,긍정적,positive,긍정적,긍정적,긍정적,긍정적,긍정적,긍정적,긍정적,긍정적,중립적,긍정적,긍정적,긍정적,부정적,긍정적,긍정적,긍정적,긍정적,긍정적,긍정적,중립적,중립적,긍정적,긍정적,긍정적, positive,긍정적,긍정적,긍정적,긍정적,긍정적,긍정적,부정적,긍정적,긍정적,긍정적,긍정적,긍정적,긍정적,긍정적,긍정적,긍정적,긍정적,긍정적,긍정적,중립적,긍정적,긍정적,긍정적,긍정적,긍정적,긍정적,긍정적,긍정적,중립적,긍정적,긍정적,긍정적,긍정적,긍정적,긍정적,긍정적,긍정적,긍정적,긍정적,긍정적,긍정적,긍정적,긍정적,positive,긍정적,긍정적,긍정적,긍정적,긍정적,긍정적,부정적,부정적,긍정적,긍정적,부정적,부정적,부정적,긍정적,긍정적, positive,긍정적,긍정적,긍정적,긍정적,긍정적,부정적,긍정적,긍정적,긍정적,긍정적,긍정적,positive,긍정적,긍정적,긍정적, positive,긍정적,긍정적,긍정적,긍정적,긍정적,긍정적,긍정적,긍정적,긍정적,긍정적,positive,긍정적,긍정적,긍정적,긍정적,긍정적,positive,긍정적, positive,긍정적,긍정적,긍정적,긍정적,긍정적,긍정적,긍정적,긍정적,긍정적,긍정적,긍정적,긍정적,긍정적,긍정적,긍정적,긍정적, positive,긍정적,긍정적,긍정적,긍정적,긍정적,긍정적,긍정적,긍정적,긍정적,긍정적,긍정적,긍정적, positive,긍정적,부정적,긍정적,긍정적,긍정적,긍정적,긍정적,긍정적,긍정적,긍정적,긍정적,긍정적,긍정적,긍정적,긍정적,긍정적,긍정적, positive,긍정적,긍정적,긍정적,긍정적,긍정적,긍정적,긍정적,부정적,긍정적,긍정적,부정적,긍정적,부정적,긍정적,긍정적,positive,긍정적,긍정적,긍정적,긍정적,부정적, positive,긍정적,긍정적,긍정적,긍정적,긍정적,긍정적,긍정적,긍정적,긍정적,positive,긍정적,중립적,긍정적,긍정적,긍정적,긍정적,긍정적,긍정적,긍정적,긍정적,긍정적,긍정적,긍정적,긍정적,긍정적,긍정적,긍정적,긍정적,긍정적,긍정적,긍정적,긍정적,긍정적,긍정적,긍정적,부정적,긍정적,긍정적,긍정적,긍정적,긍정적,긍정적,긍정적,긍정적,긍정적,긍정적,긍정적,긍정적,긍정적,긍정적,긍정적,긍정적,긍정적,positive,긍정적,긍정적,긍정적,긍정적,긍정적,긍정적,긍정적,긍정적,긍정적,긍정적,긍정적,긍정적,긍정적,긍정적,긍정적,긍정적,긍정적,긍정적,긍정적,부정적,중립적,긍정적, positive,긍정적,긍정적,긍정적,긍정적,긍정적,긍정적,긍정적,긍정적,긍정적,긍정적,긍정적,긍정적,긍정적,긍정적,긍정적,긍정적,긍정적,긍정적,긍정적,긍정적,긍정적,긍정적,긍정적,긍정적,긍정적,긍정적,긍정적,긍정적,긍정적,긍정적,긍정적,긍정적,긍정적, neutral,긍정적,긍정적,긍정적,긍정적,긍정적,긍정적,긍정적,"""강화된""",긍정적,긍정적,긍정적,긍정적,긍정적,부정적,긍정적,긍정적,중립적,긍정적,긍정적,긍정적,긍정적,positive,긍정적,긍정적,긍정적,긍정적,긍정적,긍정적,긍정적,긍정적,긍정적,긍정적,긍정적,긍정적,긍정적,긍정적,긍정적,긍정적,긍정적,긍정적,긍정적,긍정적,긍정적,긍정적,긍정적,긍정적, positive,긍정적,긍정적,positive,중립적,긍정적,긍정적,긍정적,긍정적,부정적,negative,긍정적,부정적,긍정적,긍정적,중립적, positive,긍정적,부정적,긍정적,긍정적,긍정적,긍정적,긍정적,긍정적,긍정적,중립적,부정적,긍정적,긍정적,부정적,긍정적,긍정적,긍정적,긍정적,긍정적,긍정적,긍정적,긍정적,긍정적,긍정적, positive,긍정적,긍정적,긍정적,긍정적,긍정적,긍정적,긍정적,긍정적,긍정적,negative,긍정적,긍정적,중립적,부정적,긍정적,긍정적,중립적,긍정적,긍정적,긍정적,긍정적,긍정적,긍정적,긍정적,긍정적,"""긍정적""",중립적,긍정적,긍정적,positive,긍정적,긍정적,중립적,긍정적,긍정적,긍정적,긍정적,"부정당업자 제재와 관련된 갈등 및 사실관계 부족으로 인한 혼란스러운 상황이므로, 이 사안은 **부정적**입니다.",긍정적,부정적,"""긍정적""",긍정적,긍정적,긍정적,긍정적, 긍정적,긍정적,부정적,긍정적,중립적,긍정적,긍정적,긍정적,긍정적,긍정적,긍정적,긍정적,긍정적,부정적,부정적,긍정적,긍정적,긍정적,긍정적,"""긍정적""",긍정적,긍정적,긍정적,긍정적,긍정적,긍정적,긍정적,긍정적,긍정적,긍정적,긍정적,긍정적,긍정적,중립적,긍정적,긍정적,긍정적,positive,긍정적,긍정적,긍정적,긍정적,긍정적,긍정적,긍정적,긍정적,긍정적,긍정적,긍정적,긍정적,긍정적,긍정적,부정적,긍정적,긍정적,긍정적,긍정적,긍정적,긍정적,긍정적,긍정적,긍정적,긍정적,긍정적,긍정적,긍정적,긍정적,긍정적,긍정적,부정적,긍정적,긍정적,긍정적,긍정적,중립적, positive,긍정적,긍정적,긍정적,긍정적,긍정적,긍정적,긍정적, positive,긍정적,긍정적,긍정적,중립적,긍정적,긍정적,긍정적,긍정적,긍정적,긍정적,긍정적,긍정적,긍정적,긍정적,긍정적,positive,긍정적,긍정적,긍정적,중립적,긍정적,긍정적,긍정적,긍정적,긍정적,긍정적,긍정적,긍정적,긍정적,긍정적,긍정적,긍정적,긍정적,긍정적,긍정적,긍정적,긍정적,긍정적,긍정적,긍정적,긍정적,"""부정적""",긍정적,긍정적,긍정적,긍정적,긍정적, positive,긍정적,긍정적,긍정적,긍정적,긍정적,긍정적,긍정적,긍정적,긍정적,긍정적,긍정적,긍정적,긍정적,긍정적,긍정적,긍정적,긍정적,긍정적,긍정적,긍정적,긍정적,긍정적,긍정적,긍정적,긍정적,긍정적,positive,positive,긍정적,긍정적,긍정적,긍정적,긍정적,긍정적,긍정적,긍정적,긍정적,긍정적,긍정적,긍정적,긍정적,긍정적,긍정적,긍정적,긍정적,긍정적,긍정적,긍정적,긍정적,긍정적,긍정적,긍정적,긍정적,긍정적,긍정적,긍정적,긍정적,긍정적,긍정적,긍정적,긍정적,긍정적,긍정적,긍정적,긍정적,긍정적,긍정적,positive,positive,긍정적,긍정적,긍정적,긍정적,긍정적,긍정적,positive,긍정적,긍정적,긍정적,긍정적,긍정적,부정적,긍정적,긍정적,긍정적,긍정적,긍정적,긍정적,중립적,긍정적,긍정적,긍정적,긍정적,긍정적,긍정적,긍정적,긍정적,긍정적,긍정적,긍정적,긍정적,positive,긍정적,긍정적,긍정적,긍정적,긍정적,긍정적,긍정적,긍정적,긍정적,긍정적,긍정적,긍정적,긍정적,긍정적,긍정적,중립적,긍정적,부정적,긍정적,긍정적,긍정적, positive,positive,부정적,긍정적,긍정적,긍정적,긍정적,긍정적,긍정적,긍정적,긍정적,긍정적,긍정적, positive,긍정적,긍정적,중립적,긍정적,긍정적,positive,긍정적,긍정적,긍정적,positive,positive,긍정적,긍정적,긍정적,긍정적,긍정적,긍정적,긍정적,긍정적,긍정적,긍정적,긍정적,긍정적,중립적,긍정적,긍정적,긍정적,부정적,긍정적,긍정적,긍정적,긍정적,긍정적,긍정적,긍정적,긍정적,긍정적,긍정적,긍정적,긍정적,긍정적, positive,긍정적,긍정적,긍정적,긍정적,"""합리적""",긍정적,긍정적,중립적,긍정적,긍정적,긍정적,긍정적,긍정적,긍정적,긍정적,긍정적,긍정적,긍정적,긍정적,부정적,부정적,긍정적,긍정적,긍정적,긍정적,긍정적,긍정적,긍정적,긍정적,긍정적,긍정적,긍정적,긍정적,긍정적,긍정적,긍정적,긍정적,부정적, positive,긍정적,긍정적,중립적,긍정적,긍정적,긍정적,긍정적,긍정적,긍정적,긍정적,긍정적,긍정적,긍정적,긍정적,긍정적,긍정적,긍정적,긍정적,긍정적,긍정적,긍정적,긍정적,긍정적,긍정적,중립적,중립적,긍정적,중립적,negative,긍정적,긍정적,긍정적,긍정적,긍정적,positive,긍정적,긍정적,긍정적,긍정적,긍정적,긍정적,긍정적,긍정적,긍정적,긍정적,긍정적,긍정적,긍정적,긍정적,긍정적,긍정적,긍정적,긍정적,긍정적,긍정적,긍정적,긍정적,긍정적,긍정적,긍정적,긍정적,부정적,긍정적,긍정적,긍정적,부정적,긍정적,긍정적,긍정적,긍정적,긍정적,긍정적,긍정적,부정적,긍정적,긍정적,긍정적,긍정적,positive,긍정적,긍정적,긍정적,긍정적,긍정적,긍정적,긍정적,긍정적,긍정적,positive, positive,긍정적,긍정적,긍정적,긍정적,부정적,긍정적,긍정적,긍정적,긍정적,긍정적,긍정적,긍정적,긍정적,긍정적,긍정적,긍정적,긍정적,긍정적,긍정적,긍정적,긍정적,긍정적,긍정적,긍정적,긍정적,긍정적,긍정적,positive,긍정적,긍정적,긍정적,긍정적,긍정적,긍정적,긍정적,중립적,negative,긍정적,긍정적,중립적,긍정적,긍정적,긍정적,긍정적,긍정적,긍정적,"""김명섭 ◇상무보""",긍정적,"""개발 완료"", ""화재 감지 센서 등 탑재"", ""공간 효율성과 이용 편의성 향상"", ""화재위험 선제적 차단 목표""",긍정적,부정적,긍정적,긍정적,긍정적,긍정적,긍정적,긍정적,긍정적,긍정적,긍정적,중립적,긍정적,긍정적,부정적,긍정적,긍정적,긍정적,긍정적,부정적,부정적, positive,긍정적,긍정적,긍정적,긍정적,긍정적,부정적,부정적,긍정적,긍정적,부정적,부정적,긍정적,긍정적,긍정적,긍정적,긍정적,긍정적,부정적, positive, positive,긍정적,긍정적,긍정적,긍정적,부정적,긍정적,긍정적,긍정적,긍정적,부정적,긍정적,부정적,긍정적,부정적,부정적,부정적,긍정적,긍정적,중립적,긍정적,부정적,positive,긍정적,긍정적,중립적,중립적,긍정적,긍정적,긍정적,긍정적,긍정적,부정적,긍정적,긍정적,긍정적,긍정적,긍정적,긍정적,부정적,부정적,부정적,부정적,긍정적,부정적,부정적,긍정적,부정적,"주어진 기사 내용을 종합해 보면, 주요 분석과 전망이 포함되어 있습니다. 이 중에서 가장 부각된 논점이나 핵심 메시지는 다음과 같습니다:  

- **중국 전기차의 시장 장악 확대**에 대한 예측 (블룸버그 등 전문가들의 합의)  
- 유럽·미국 내 업체들의 전략 후퇴로 인한 중국 기업의 도전 가능성  
- 글로벌 전기차 가격 경쟁력과 수출 확대 의지  

이러한 분석과 전망적 내용을 고려할 때, 가장 중립적이면서도 기사의 중심 주제를 반영하는 단어는 **""중립적""**으로 판단됩니다. 특정 감정이나 가치관보다는 사실 기반의 논리 전개가 두드러집니다.",긍정적,긍정적,긍정적,positive,부정적,부정적,부정적,"음, 주어진 텍스트에서 가장 중립적이거나 부정적인 단어를 선택해야 하는 요청이네요. 분석을 통해 확인해 보면:  

- **positive/neutral 후보**: ""분석"", ""보도했다"", ""평가했다"" 등은 객관적 서술에 가깝지만, 맥락상 특정 입장을 암시할 수 있음.  
- **negative 키워드**: ""추락"", ""냉색화"", ""붕괴"", ""설격"", "" 우려"", ""지치나"", ""고착"" 등이 명확히 부정적 성향을 지님.  

특히 마지막 문장인 **""국민 심리가 고착돼... 악순환이 이어진다""**는 구조 자체가 경제 정책 문제를 비판적으로 바라보게 합니다. 따라서 가장 적합한 단어는:  

➠ **부정적**",긍정적,긍정적,긍정적,긍정적,부정적,긍정적,긍정적,긍정적,긍정적,중립적,중립적,긍정적,긍정적,긍정적,긍정적,긍정적,긍정적,긍정적,긍정적,긍정적,긍정적,긍정적,긍정적,긍정적,긍정적,긍정적,긍정적,긍정적,중립적,긍정적,부정적,긍정적,긍정적,긍정적,부정적,긍정적,중립적,긍정적,부정적,긍정적,긍정적,긍정적,긍정적,긍정적,긍정적,긍정적,부정적,긍정적,긍정적,긍정적,긍정적,긍정적,긍정적,부정적,긍정적,긍정적,부정적,긍정적,긍정적,긍정적,긍정적,긍정적,긍정적,부정적,긍정적,긍정적,긍정적,긍정적,긍정적,긍정적,긍정적,긍정적, positive,긍정적,positive,중립적,positive,긍정적,긍정적,긍정적,중립적,긍정적,긍정적,긍정적,긍정적,긍정적,긍정적,긍정적,긍정적,긍정적,긍정적,긍정적,긍정적,긍정적,긍정적,긍정적,긍정적,긍정적,긍정적,긍정적,긍정적,긍정적,긍정적,긍정적,positive,positive,긍정적,"""상향 조정""",긍정적,긍정적,긍정적,긍정적,긍정적,긍정적,긍정적,긍정적,긍정적,부정적,긍정적,긍정적,긍정적,긍정적,긍정적,긍정적,긍정적,부정적,부정적,긍정적,긍정적,긍정적,긍정적,긍정적,긍정적,긍정적,긍정적,긍정적,긍정적,긍정적,긍정적,부정적,부정적,긍정적,긍정적,긍정적,긍정적, positive,긍정적,긍정적,긍정적,긍정적,긍정적,긍정적,긍정적,긍정적,긍정적,긍정적,긍정적,긍정적,긍정적, positive,부정적,긍정적,**긍정적**,긍정적,긍정적,긍정적,긍정적,부정적,중도금 무이자 혜택 제공 단지 희소성이 부각된다는 점에서,긍정적,긍정적,긍정적,긍정적,긍정적,긍정적,긍정적,긍정적,긍정적,긍정적,중립적,긍정적,긍정적,긍정적,긍정적, positive,positive,긍정적,긍정적,부정적,긍정적,긍정적, positive,긍정적,긍정적,긍정적,긍정적,긍정적,긍정적,긍정적,positive,긍정적,긍정적,긍정적,긍정적,긍정적,긍정적,긍정적,부정적,positive,긍정적,positive,긍정적,긍정적,긍정적,positive,긍정적,긍정적,긍정적, positive,긍정적,긍정적,긍정적, positive,긍정적,긍정적,긍정적,긍정적,긍정적,긍정적,긍정적,긍정적,긍정적,긍정적,긍정적,긍정적,긍정적,positive,긍정적,긍정적,긍정적,긍정적,긍정적,긍정적,긍정적,긍정적,긍정적,긍정적,긍정적,긍정적,긍정적,긍정적,긍정적,긍정적,"""예상""",부정적,긍정적,긍정적,긍정적,긍정적,긍정적,긍정적,긍정적,긍정적,긍정적,긍정적,부정적,긍정적,중립적,positive,긍정적,긍정적,긍정적,긍정적,긍정적,긍정적,긍정적,긍정적,긍정적,긍정적,긍정적,긍정적,positive,긍정적,긍정적,긍정적,긍정적,긍정적,긍정적,긍정적,긍정적,긍정적,긍정적,긍정적,긍정적,긍정적,긍정적,긍정적,긍정적,긍정적,긍정적,긍정적,긍정적,긍정적,긍정적,positive,긍정적,긍정적,긍정적,긍정적,긍정적,긍정적,긍정적,긍정적,positive,긍정적,긍정적,긍정적,긍정적,긍정적,긍정적,긍정적,긍정적,긍정적,긍정적,긍정적,긍정적,긍정적,긍정적,긍정적,긍정적,긍정적,주위원 위원장의 경제적 통찰과 기업 혁신 지원 의지 표현 등에서 드러나는 긍정적 뉘앙스가 강하게 나타납니다.,긍정적,긍정적,긍정적,긍정적,긍정적,긍정적,긍정적,긍정적,긍정적,긍정적,긍정적,긍정적,긍정적,긍정적,부정적,긍정적,긍정적,긍정적,긍정적,긍정적,긍정적,긍정적,긍정적,긍정적,긍정적,긍정적,긍정적,긍정적,긍정적,긍정적,긍정적,부정적,긍정적,긍정적,긍정적,긍정적,긍정적,부정적,부정적,긍정적, positive,긍정적,긍정적,긍정적,긍정적,positive,긍정적,긍정적,긍정적,중립적,긍정적,긍정적,긍정적,긍정적,긍정적,긍정적,긍정적,긍정적,긍정적,부정적,긍정적,긍정적,긍정적,긍정적,부정적,긍정적,긍정적,긍정적,긍정적,긍정적,긍정적,긍정적,긍정적,긍정적,긍정적,긍정적,긍정적,긍정적,긍정적,긍정적,긍정적,긍정적,부정적,긍정적,긍정적,긍정적,긍정적,긍정적,긍정적,긍정적,긍정적,긍정적,긍정적,긍정적,positive,긍정적,긍정적,긍정적,긍정적,긍정적,"""긍정적""",긍정적,부정적,긍정적,긍정적,긍정적,긍정적,긍정적,긍정적,긍정적,긍정적,긍정적,긍정적,긍정적,긍정적,긍정적,긍정적,긍정적,부정적,긍정적,부정적,긍정적,긍정적,긍정적,중립적,긍정적,중립적,긍정적, positive,긍정적,긍정적,부정적,긍정적,긍정적,긍정적,긍정적,긍정적,긍정적,긍정적,긍정적,긍정적,긍정적,긍정적, positive,긍정적,긍정적,긍정적,부정적,긍정적,긍정적,긍정적,긍정적,긍정적,긍정적,긍정적,긍정적,부정적,긍정적,긍정적,긍정적,긍정적,긍정적,긍정적,긍정적,부정적,중립적,긍정적,긍정적,긍정적,긍정적,긍정적,부정적,긍정적,부정적,긍정적,긍정적,긍정적,긍정적,긍정적,긍정적,부정적,긍정적,긍정적,긍정적,긍정적,긍정적,긍정적,긍정적,부정적, positive,긍정적,긍정적,긍정적,긍정적,긍정적,긍정적,긍정적,긍정적,긍정적,"""글로벌 통상환경의 불확실성과 각국 규제 강화 등 급변하는 시장 환경""",긍정적,긍정적,중립적,긍정적,긍정적,긍정적,부정적,긍정적,긍정적,긍정적,중립적,긍정적,긍정적,긍정적,긍정적,긍정적,긍정적,긍정적,부정적,긍정적,부정적,긍정적,긍정적,긍정적,긍정적,부정적,긍정적,긍정적, positive,부정적,긍정적,부정적,positive,긍정적,긍정적,긍정적,positive,긍정적,부정적,부정적,긍정적,긍정적,긍정적,긍정적,부정적,긍정적,긍정적,긍정적,부정적,긍정적,긍정적,긍정적,긍정적,긍정적,긍정적,긍정적,긍정적,긍정적,긍정적,긍정적,긍정적,긍정적,긍정적,긍정적,부정적,긍정적,긍정적,중립적,긍정적,positive,긍정적,중립적,부정적,긍정적,긍정적,긍정적,긍정적,긍정적,긍정적,긍정적,부정적,긍정적,긍정적,부정적,긍정적,긍정적,긍정적,긍정적,부정적,긍정적,긍정적,긍정적,긍정적,부정적,부정적,긍정적,긍정적,긍정적,긍정적,긍정적,긍정적,긍정적,긍정적,부정적,긍정적,긍정적,긍정적,긍정적,긍정적,긍정적,긍정적,긍정적,긍정적,긍정적, positive,긍정적,부정적,긍정적,긍정적,긍정적,긍정적,긍정적,긍정적,긍정적,긍정적,긍정적,긍정적,부정적,긍정적,긍정적,긍정적, positive,긍정적,중립적,긍정적,긍정적,긍정적,positive,negative,긍정적,긍정적,부정적,긍정적,긍정적,부정적,긍정적,긍정적,긍정적,긍정적,긍정적,부정적,긍정적,긍정적,긍정적,긍정적,긍정적,긍정적,긍정적,부정적,긍정적,긍정적,긍정적,긍정적,긍정적,긍정적,긍정적,부정적,negative,"이 Daily News summary는 다양한 경제·산업 이슈와 주요 뉴스를 포괄적으로 정리한 것입니다. 핵심 내용을 요약하면 다음과 같습니다:

### 주요 기사별 하이라이트
1. **정책 및 산업 전환**  
   - 한국은 전기차 비율 증가(26→50%)에 집중 중이지만, 철강업계는 수익 악화로 '탄소감축 추가 투자' 압력이 큼. 미국·EU는 탈탄소화 추진하나 한국은 느림.
   - 현대차는 R&D와 기술 투자 확대, 왕복 6차선 지하도로 건설 계획 발표 등 세대 교체 underway.

2. **노동 시장 이슈**  
   - 공장 해외 이전과 구조조정 관련 파업 가능성에 대한 기준 불확실성 지속. '사용자' 정의 모호성으로 노사 갈등 우려.
   - 허위조작정보 차단 법안 도입, 사법기관에서도 내란 예방 차원의 반성 강조.

3. **금융·증권 산업**  
   - 주요 은행들이 과징금 인하를 위한 경쟁 입찰 중(5대은행 총력전). 외국인 취업자 역대 최고 11만 명 돌파.
   - IT 기업 간 분쟁: 삼성과 엔비디아 간 계약 쟁점('소캠2' 샘플 공급), SK하이닉스 D램이 인텔 인증 획득 등 기술 경쟁력 강화 추세.

4. **글로벌 동향**  
   - 미국은 바이든 정권의 경기 부양책 지속 강조, 인도 보험 시장 개방 및 외국인 직접투자 허용 확대 등 해외 투자 유인책 마련 중.
   - 개미단체 중심의 대규모 M&A 거래 준비 움직임 관측.

5. **사회·생활 정책**  
   - 국민연금 2기 연장을 위해 추가 재원 마련 필요성 대두. 쿠팡 등 유통업체에 대한 비판이 포함된 피플 섹션.

각 분야별 세부 내용은 상호 연관성이 있으며, 특히 산업 구조변화 대응과 제도 개선 미흡이 주요 talking 포인트로 부상했습니다. 경제 뉴스는 기업 전략과 규제 변화의 충돌을 중심으로 전개됩니다.",긍정적,긍정적,긍정적,긍정적,부정적,중립적,긍정적,중립적,긍정적,긍정적,긍정적,긍정적,긍정적,긍정적,긍정적,긍정적,긍정적,긍정적,긍정적,긍정적,"""부정적""",부정적,긍정적,긍정적,긍정적,긍정적,긍정적,긍정적,부정적,긍정적,긍정적,긍정적, negative,부정적,긍정적,긍정적,긍정적,긍정적,긍정적,긍정적,긍정적,positive,긍정적,긍정적,긍정적,긍정적,부정적,긍정적,positive,긍정적,긍정적,긍정적,부정적,긍정적,긍정적,긍정적,긍정적,긍정적,긍정적,긍정적,positive,긍정적,중립적,긍정적,긍정적,"""획득""",긍정적,긍정적,긍정적,긍정적,긍정적,긍정적,긍정적,긍정적,긍정적,긍정적,긍정적,긍정적,긍정적,긍정적,긍정적,positive,긍정적,긍정적,긍정적,긍정적,긍정적,긍정적,긍정적,긍정적,긍정적,긍정적,긍정적,긍정적,긍정적,긍정적,positive,긍정적,중도금 무이자 혜택 제공 범위 축소,긍정적,긍정적,긍정적,긍정적,긍정적,긍정적,긍정적,긍정적,긍정적,긍정적,긍정적,긍정적,긍정적,긍정적,긍정적,긍정적,긍정적,긍정적,긍정적,긍정적,긍정적,긍정적,긍정적,긍정적,긍정적,긍정적,긍정적,positive,긍정적,긍정적,긍정적,긍정적,"""CEO 레코그니션""",긍정적,positive,긍정적,긍정적,긍정적,긍정적,긍정적, positive,긍정적,긍정적,긍정적,긍정적,긍정적,긍정적,긍정적,긍정적,긍정적,긍정적,positive,긍정적,긍정적,긍정적,긍정적,음성,긍정적,긍정적,긍정적,긍정적,긍정적, positive,긍정적,긍정적,부정적,긍정적,positive,긍정적,긍정적,긍정적, positive,긍정적,중립적,중립적,긍정적,긍정적,긍정적,긍정적,긍정적,긍정적,긍정적,긍정적,긍정적,긍정적,긍정적,긍정적,긍정적,긍정적,중립적,"""면역""",긍정적,긍정적,positive,긍정적,긍정적,부정적,긍정적,긍정적,긍정적,positive,중립적,긍정적,긍정적,긍정적,중립적,긍정적,부정적,긍정적,긍정적,긍정적,긍정적,positive,부정적,긍정적,긍정적,긍정적,긍정적,긍정적,긍정적,긍정적,긍정적,positive,긍정적,긍정적,긍정적,긍정적,긍정적,긍정적,긍정적,긍정적,긍정적,긍정적,긍정적,긍정적,긍정적,긍정적,부정적,긍정적,긍정적,긍정적,긍정적,긍정적,긍정적,긍정적,긍정적,긍정적,긍정적,긍정적,긍정적,부정적,positive,긍정적,긍정적,부정적,긍정적,긍정적,긍정적,긍정적,긍정적,긍정적,긍정적,긍정적,긍정적,긍정적,긍정적,긍정적,긍정적,긍정적,긍정적,긍정적,긍정적,긍정적,긍정적,부정적,긍정적,긍정적,긍정적,부정적,긍정적,긍정적,긍정적,긍정적,부정적,긍정적,긍정적,긍정적,긍정적,부정적,positive,긍정적,negative,긍정적,긍정적,긍정적,긍정적,긍정적,긍정적,긍정적,긍정적,긍정적,부정적,긍정적,긍정적,긍정적,긍정적,긍정적,긍정적,긍정적,긍정적,긍정적,긍정적,긍정적,긍정적,긍정적,긍정적,positive,긍정적,긍정적,긍정적,긍정적,긍정적,긍정적,긍정적,positive,긍정적,긍정적,부정적,긍정적,부정적,부정적, positive,긍정적,긍정적,긍정적,긍정적,긍정적,긍정적,긍정적,긍정적,POSCO홀딩스(005490)=자회사 포스코이앤씨 중대재해 발생 - 부정적,긍정적,긍정적,긍정적,긍정적,긍정적,긍정적,긍정적,긍정적,긍정적,긍정적,긍정적,긍정적,긍정적,중립적,긍정적,긍정적,긍정적,긍정적,긍정적,긍정적,부정적,긍정적,긍정적,긍정적,긍정적,긍정적,긍정적,긍정적,긍정적,positive,긍정적,긍정적,긍정적,부정적,긍정적,긍정적,긍정적,긍정적,긍정적,긍정적,긍정적,긍정적,긍정적,긍정적,긍정적,긍정적,긍정적,부정적,긍정적,긍정적,긍정적,긍정적,긍정적,긍정적,긍정적,긍정적,긍정적,긍정적,긍정적,긍정적,긍정적,긍정적,긍정적,긍정적,긍정적,긍정적,긍정적,긍정적,긍정적,부정적,부정적,긍정적,부정적,긍정적,긍정적,부정적,긍정적,긍정적,긍정적,부정적,중립적,긍정적,긍정적,긍정적,긍정적,긍정적,긍정적,긍정적,"""긍정적""",긍정적,중립적,부정적,긍정적,긍정적,긍정적,부정적,부정적,긍정적,긍정적,긍정적,중립적,부정적,긍정적,부정적,부정적,긍정적,긍정적,부정적,부정적,부정적,긍정적,긍정적,긍정적,긍정적,부정적,중립적,부정적,부정적,긍정적,중립적,긍정적,중립적,부정적,부정적,긍정적,부정적,긍정적,긍정적,긍정적,중립적,긍정적,긍정적,긍정적,긍정적,긍정적,긍정적,부정적,긍정적,긍정적,긍정적,긍정적,긍정적, positive,긍정적, positive,긍정적,"""중립적""",긍정적,긍정적,긍정적,긍정적,중립적,긍정적,긍정적,긍정적,긍정적,긍정적,긍정적,긍정적,긍정적,긍정적,긍정적,중립적, positive,긍정적,긍정적,긍정적,긍정적,긍정적,긍정적,"부정적  

이 기사에서는 전국 무약촌 문제와 상비약 접근성 격차에 대한 심각한 현실을 데이터와 사례를 통해 조명하고 있습니다. 특히 현행 약사법의 '24시간 운영 점포' 규제가 지방과 도서·산간 지역 등 취약계층의 약 접근성을 더욱 악화시키고 있으며, 업계와 정책 입안자들의 해결 방안 모색이 지연되고 있음을 지적합니다.",긍정적,긍정적,긍정적,긍정적,negative,긍정적, positive,긍정적,긍정적,긍정적,긍정적,긍정적,긍정적,긍정적,전국무약촌 실태와 상비약 정책 개선 요구가 지속되고 있습니다. 앞서 지적한 바와 같이 상비약 재평가 미진행은 공공복리 차원에서 중대한 문제로 대두되고 있습니다. 특히 고령화 사회 진전에 따른 의약품 접근성 격차 해소는 의료 사각지대 해소를 위한 시급한 과제입니다. 앞으로는 소비자 피해 구제 및 구체적인 개선 로드맵 수립을 통해 이해관계자 모두의 신뢰 회복이 필요할 것입니다.,긍정적,긍정적,긍정적,부정적,중립적,부정적,긍정적,긍정적,긍정적,중립적,긍정적,긍정적,부정적,긍정적,부정적,긍정적,긍정적,긍정적,긍정적,긍정적,긍정적,positive,긍정적,긍정적,긍정적,긍정적,긍정적,긍정적,긍정적,긍정적,positive,긍정적,긍정적,긍정적,긍정적,긍정적,중립적,긍정적,긍정적,긍정적,긍정적,긍정적,긍정적,긍정적,중립적,긍정적,부정적,긍정적,긍정적,부정적,긍정적,부정적,중립적,긍정적,긍정적,긍정적,부정적,긍정적,긍정적,긍정적,긍정적,긍정적,긍정적,긍정적,긍정적,긍정적,부정적,긍정적,긍정적,긍정적,긍정적,긍정적,긍정적,긍정적,긍정적,긍정적,긍정적,긍정적,긍정적,긍정적,부정적,긍정적,긍정적,긍정적,긍정적,긍정적,긍정적,긍정적,긍정적,긍정적,부정적,긍정적,긍정적
