본문,산업
"서울 여의도 신안산선 지하 공사 현장에서 사고로 다수의 부상자가 발생하고 50대 작업자 1명이 심정지 상태로 병원에 이송됐으나 결국 숨졌다.  소방과 경찰 등에 따르면 18일 오후 1시22분쯤 서울 여의도 신안산선 복선전철 70m 깊이 지하 공사 현장에서 '철근이 무너져 사람이 깔렸다'는 내용의 신고가 접수됐다.  사고 당시 작업장에는 98명이 일하던 중이었으며 이 사고로 3명의 부상자가 발생했다. 사망자는 콘크리트 타설 차량 운전자 50대 A씨다.  현장감리단에 따르면 사고는 지상과 연결 통로인 수직구로부터 약 150m 떨어진 곳에서 아치형 철근 작업을 마치고 콘크리트를 타설하는 작업 도중 발생했다. 상부에 고정돼 있던 30~40m 길이의 철근 구조물이 갑자기 떨어졌다.  소방 당국은 장비 23대와 인력 88명을 동원해 사고 현장을 수습하는 중이다. 소방과 경찰이 정확한 사고 경위를 파악할 때까지 신안산선 여의도 현장은 당분간 공사가 중단될 전망이다.  신안산선은 경기 안산시에서 서울 여의도까지 수도권 서남부를 잇는 길이 44.9km 광역철도 노선이다. 이날 사고가 발생한 4-2공구는 포스코이앤씨가 시공을 맡아 내년 12월31일까지 공사를 진행할 예정이었다.  현재 고용노동부는 서울지방고용노동청 광역중대재해수사과, 서울남부지청 산재예방지도과를 보내 사고조사에 착수했다. 고용노동부는 사고 원인 조사 및 산업안전보건법·중대재해처벌법 위반 여부 등을 엄정 조사할 방침이다.  국토교통부도 사고가 발생한 여의도역 신안산선 공사 현장 전체에 대한 전수조사를 실시한다고 밝혔다. 국토교통부는 경찰 사고 원인 조사 결과에 따라 안전관리 소홀 등 위반 사항 적발 시 관련 법령에 따라 엄중히 조치할 예정이다.  한편 송치형 포스코이앤씨 사장은 이날 오후 사고 현장을 찾아 ""고인의 명복 빌고 비보로 하늘 무너져 내리는 슬픔 안은 유족에게 깊은 위로와 사과의 말씀을 드린다""고 했다.  이어 ""사고 경위는 관계기관에서 조사 중이다. 우리 회사는 성실하고 투명하게 협조할 것""이라며 ""현재 전국에 저희 현장에 대해 다시 한번 안전조치 강화 지시를 내렸다. 유사 사고가 발생하지 않도록 재발 방지 대책에 만전을 기하겠다""고 덧붙였다.",건설
"서울 송파구 잠실대교 남단의 한 공사 현장에서 크레인이 전도되는 사고가 발생해 작업자가 매몰됐다.  18일 송파구청, 소방 당국 등에 따르면 이날 오후 3시19분쯤 서울 송파구 잠실대교 남단 나들목(IC) 연결체계 개선공사 현장에서 대기하고 있던 27톤 크레인이 전복됐다.  이 사고로 공사장 인부 60대 남성 1명이 매몰됐으며 소방당국은 심정지 상태인 것으로 보고 현재 구조 작업을 하고 있다.  해당 작업자는 잠실대교 남단 IC 연결체계 개선공사를 하던 중 사고를 당한 것으로 전해졌다.  소방 당국은 구조를 마친 뒤 자세한 사고 원인을 조사할 예정이다.  한편 송파구청은 ""오후 3시20분 잠실동 30 공사장 크레인 전도로 인해 올림픽대로에서 강일IC와 잠실역 방향 진입 구간 교통혼잡이 발생했으니 해당 구간을 우회하길 바란다""고 재난안전문자를 보냈다.",건설
"서울 영등포구 여의도 신안산선 공사현장에서 철근 구조물이 낙하하는 사고가 발상했다. 이 사고로 작업자 2명이 부상을 입고 병원으로 이송됐다. 1명은 심정지 상태다.  구본형 서울 영등포소방서 현장대응단장은 18일 오후 3시45분쯤 현장 브리핑에서 ""오늘 오후 1시22분쯤 신안산선 공사 현장에서 철근이 무너져 사람이 깔렸다는 신고를 받고 출동했다""며 ""작업자 98명 중 중상자 1명과 경상자 1명을 구조해 병원으로 이송했다""고 밝혔다.  소방에 따르면 이날 오후 1시22분쯤 여의도역 신안산선 지하차도 공사현장에서 철근이 무너져 사람이 깔렸다는 신고가 접수됐다. 작업자 1명이 심정지 상태로 발견돼 심폐소생술(CPR)을 받으며 인근 병원으로 이송됐다. 또 다른 작업자 1명은 경상을 입었다. 이들은 모두 한국인 남성이며 50대로 추정된다. 이외에도 외국인 작업자 1명이 경미한 찰과상을 입었으나 스스로 귀가했다. 나머지 작업자들은 자력 대피했다.  사고는 이날 신안산선 여의도역 콘크리트 타설 작업 도중 철근 구조물이 무너지며 발생했다. 구 단장은 ""중상자는 콘크리트 타설 차량 운전자로, 작업 중 철근이 낙하해 부상을 입었다""며 ""경상자도 타설 작업 중 다쳤다""고 설명했다.  낙하한 철근 구조물은 총 40m 길이였다. 사고 지점은 70m 깊이 지하 작업장의 지상 연결 통로인 수직구로부터 150m 가량 떨어진 여의도역 시작점이다.  감리단은 현장 안전 관리에 문제가 없었다고 설명했다. 이상욱 신안산선 공사현장 감리단장은 ""터널의 치장 목적인 라인 작업 중 사고가 발생했다""며 ""터널의 구조적 결함 등 (안전 관리에는) 하자가 없었다""고 했다. 이어 ""낙하 이유 등 사고 원인은 경찰과 조사해봐야 한다""며 ""조사 결과가 나올 때까지 공사를 멈출 것""이라고 밝혔다.  소방은 신고를 접수하고 초기 구조대 3개대를 투입해 인명구조 활동을 펼쳤다. 2차 사고 발생 방지를 위해 영등포구청, 보건소 등 유관기관에도 협조를 요청했다. 이날 현장에는 소방 88명, 경찰 170명 등 인력 292명과 장비 76대가 투입됐다.  사고 현장 인근 도로 통제는 오후 4시10분을 기점으로 해제됐다.  소방과 경찰은 정확한 사고 경위를 파악하고 있다.",건설
"가덕도신공항건설공단과 한국수자원공사가 18일 가덕도신공항 건설사업의 성공적 추진과 부산에코델타시티(EDC)의 활성화 업무협약을 체결했다.  두 기관은 앞으로 △가덕도신공항 건설사업으로 인한 이주 대상자의 성공적 정착 지원 △에코델타시티 활성화를 위한 에코델타시티 내 공단 사옥 이전 △탄소중립·스마트 인프라 구축 공동 추진 등을 협력한다.  정임수 가덕도신공항건설공단 부이사장은 ""신공항 건설과 에코델타시티 조성은 글로벌허브도시 부산 완성과 동남권 혁신성장을 위한 거대한 프로젝트""라며 ""신공항건설 예정지역 주민의 안정적 정착과 에코델타시티로 사옥 이전으로 도시 활성화에 기여하겠다""고 말했다.  안정호 한국수자원공사 그린인프라부문 이사는 ""친환경 기반의 미래 도시 조성은 두 기관이 협력할 때 큰 성과를 낼 수 있다""며 ""스마트·탄소중립 인프라 구축에 적극 협력하겠다""고 밝혔다.",건설
"GS건설이 하루 10만톤의 해수를 공장 운영에 필요한 용수로 바꿀 수 있는 시설을 준공하고 내년부터 가동에 들어간다. 안정적인 공업용수 공급 등 물 관련사업분야 확대 기반 마련했다는 평가다.  GS건설은 충남 대산임해산업지역 공업용수도(해수담수화) 준공식을 진행했다고 18일 밝혔다. 준공식에는 기후에너지환경부, 한국수자원공사, GS건설 등 내외빈 100여명이 참석했다.  이번에 준공한 대산임해산업지역 공업용수도 사업은 정유, 화학 등 다수의 생산공장이 위치한 충남 서산 대산산업단지에 해수담수화를 통해 안정적인 공업용수를 공급하기 위해 한국수자원공사(K-water)가 발주한 사업이다. 총 사업비 3175억원 규모의 현재 시점 기준 국내 최대 규모의 해수담수화 시설이다.  GS건설이 지난 2021년에 착공해 취수펌프장, 이중여과시설, RO설비, 폐수처리동 등 일일 10만톤의 해수를 공장을 운영하는데 필요한 용수로 바꿀 수 있는 시설이다. 내년부터 가동을 시작할 예정이다.  대산임해 공업용수도 시설은 비상상황에도 공업용수가 중단되는 상황을 막기 위해 관로 시설을 이중화 했다. 계단식 시설 배치로 운영 효율성도 높였다. 해수를 담수화 하는 기술에는 기존의 증발식 공법 대비 에너지 효율이 우수한 역삼투(RO) 기술이 활용됐다. 에너지회수장치(ERD)를 통해 에너지 소모를 줄일 수 있어 공업용수 생산과 함께 운영비 절감 효과도 기대된다.  GS건설 관계자는 ""기후변화에 따른 국내외 물 부족 해소에 나설 것""이라며 ""국가첨단전략산업에 필요한 공업용수의 안정적인 공급 확대 기반을 마련했다""고 말했다.",건설
"김성은 덕진종합건설 대표이사가 대한주택건설협회 제14대 중앙회장으로 선출됐다.  주택건설협회는 18일 제36차 정기총회를 열고 신임회장을 비롯한 임원진을 선출했다고 밝혔다. 울산·경남도회장인 김성은 신임 중앙회장은 단독출마해 무투표 당선됐다. 신임 회장의 임기(3년)는 내년 1월1일부터 시작된다.  김 회장은 ""실물경제 침체로 주택시장이 위축됨에 따라 중견·중소주택건설업체의 사업 여건이 갈수록 악화되고 있다""며 ""어려운 시기에 중책을 맡게 돼 막중한 책임감이 앞선다""고 당선 소감을 전했다.  이어 ""그동안 협회 임원을 했던 경험을 토대로 회원업체들이 지금의 위기 상황을 슬기롭게 극복해 국민주거수준 향상과 주택산업 발전에 이바지할 수 있도록 혼신의 노력을 기울이겠다""고 덧붙였다.",건설
"서울 영등포구 여의도 신안산선 공사 현장에서 작업자 3명이 다치는 사고가 발생했다. 1명은 심정지 상태로 발견됐다.  소방당국에 따르면 18일 오후 1시22분쯤 여의도역 2번 출구 앞 신안산선 지하차도 공사현장에서 철근이 무너져 작업자 3명이 부상을 입는 사고가 발생했다.  50대 남성 1명이 심정지 상태로 발견돼 심폐소생술(CPR)을 받으며 인근 병원으로 이송됐다. 또 다른 50대 남성과 30대 남성은 발목 등 부위에 경상을 입었다. 나머지 7명은 부상 없이 구조됐다.  소방 당국은 장비 23대와 인력 88명을 동원해 사고 현장을 수습했다.  소방 관계자는 ""지하 약 70m 지점에서 작업 도중 철근이 무너지면서 사고가 난 것으로 보고 있다""며 ""정확한 사고 경위를 파악 중""이라고 밝혔다.",건설
서울 여의도 신안산선 공사 현장에서 철근이 추락하는 사고가 발생했다.  18일 오후 1시 22분쯤 서울 여의도 신안산선 복선전철 지하 공사 현장에서 사고가 발생해 최소 2명이 다쳤다.  소방 당국은 장비 23대와 인력 88명을 동원해 사고 현장을 수습하고 있다.  지하 작업 도중 철근이 추락하며 밑에서 일하던 작업자가 다친 것으로 알려졌다.  소방 당국은 정확한 사고 경위를 파악하고 있다.,건설
"조달청은 18일 부산광역시 기장군에 위치한 '부산촬영소 건립공사' 현장을 방문, 중대재해에 취약한 고위험 작업에 대한 특별점검을 실시했다.  ' 부산촬영소'는 실내 스튜디오 3개동과 아트 워크시설 등 연면적 1만2631㎡ 규모의 영화제작 지원시설이다. 내년 8월 준공되면 부산이 아시아 영화·영상산업의 메카로 거듭나는데 중요한 역할을 할 것으로 기대된다.  ' 부산촬영소' 현장은 실내 스튜디오 층고가 20m에 달해 공사의 난이도가 높고 고소작업이 많아 근로자 추락 및 낙하물 위험 방지 등 각별한 안전관리가 요구된다.  이날 점검에서는 시스템 비계와 갱폼 등 중량 자재가 사용되는 고위험 작업에 대한 크레인 양중 및 고소작업에 대한 안전관리 실태를 중점 점검했다.  이번 특별점검은 최근 광주를 비롯해 전국 건설현장에서 발생하고 있는 중대재해를 방지하기 위해 이뤄졌다.  권혁재 시설사업국장은 ""안전은 무엇보다 지켜야 할 건설현장의 최우선의 가치""라며 ""근로자의 생명과 가족의 행복을 지킬 수 있도록 만전을 기해 달라""고 말했다.",건설
"행정안전부는 윤호중 장관이 18일 본격적인 겨울철을 맞아 서울 지역의 제설상황과 초고층건축물 화재 안전관리 현장을 점검했다고 밝혔다.  이번 점검은 수도권 지역의 제설 대응 체계를 보완하고 최근 발생한 홍콩 고층아파트 화재를 계기로 마련한 '고층건축물 긴급 화재안전 대책'의 현장 작동 체계를 확인하기 위해 마련됐다.  윤 장관은 제설발진기지인 남부도로사업소를 방문해 서울시 대설 대책 전반을 점검하며 지난 4일과 같은 강설로 인한 시민 불편이 반복되지 않도록 해달라고 당부했다.  서울시는 출퇴근 시간 이전에 제설제를 미리 살포하고 인접 지역과 도로 경계구간에서 제설 공백이 발생하지 않도록 상황 공유 체계를 강화할 예정이다. 자동제설장치 등 제설 자원 설치도 확대할 방침이다.  윤 장관은 교통량이 집중되는 출퇴근 시간대에는 비상근무 단계를 강화하고 제설 취약지역·시설을 중심으로 관계기관이 협업해 선제적으로 대응해 줄 것을 강조했다.  윤 장관은 이날 여의도에 위치한 초고층건축물인 '파크원'(지상 69층~지하 7층)을 방문해 초고층건축물 화재 안전관리 실태도 점검했다.  초고층건축물 화재 대응의 핵심인 피난안전구역, 옥상 헬리포트, 종합방재실을 돌아보며 화재 대응체계와 소방 및 대피시설을 살폈다.  윤 장관은 화재로 인한 인명피해를 예방하기 위해 건물 내 근무자가 혼란 없이 대피할 수 있도록 평소 대피동선을 면밀히 점검하고, 안전시설이 실제 상황에서도 정상 작동하도록 철저한 관리를 주문했다.  윤 장관은 ""정부는 국민께서 안전하게 겨울을 보낼 수 있도록 필요한 예방 조치를 꼼꼼히 챙기고, 지난 4일 대설로 인한 국민 불편이 다시 반복되지 않도록 개선된 대설 대책 추진에 철저를 기하겠다""고 강조했다. 또 ""우리나라의 30층 이상 고층건축물 총 6500여동을 전수 점검해 선제적으로 위험 요인을 해소하겠다""며 ""국민께서도 비상 대피경로와 피난시설을 미리 확인해 주시길 부탁드린다""고 말했다.",건설
"국토교통부는 평택~시흥 고속도로 확장 민간투자사업 우선협상대상자로 키움투자자산운용컨소시엄(가칭 평택시흥확장고속도로 주식회사)을 선정했다고 18일 밝혔다.  이 사업은 올해 7월 제3자 제안공고를 통해 사업자 모집이 진행됐다. 이 사업을 최초로 제안한 금호건설이 포함된 키움투자자산운용컨소시엄이 단독으로 입찰했다.  제안서 접수 이후 각 분야 전문가로 구성된 평가단이 이달 16~17일 사업계획의 적정성과 타당성 등을 중심으로 종합 평가를 진행했다. 국토부와 컨소시엄은 내년 초부터 사업 추진을 위한 세부 조건 협상에 착수할 예정이다.  협상이 마무리되면 2028년 착공한다. 2033년 개통을 목표로 본격적인 사업이 추진된다.  평택~시흥 민자고속도로 확장이 완료되면 수도권 서남부 지역의 교통 정체와 인근 지역 개발로 늘어나는 교통 수요 및 인천항·평택당진항의 산업 물동량 변화에도 대응할 수 있을 것으로 보인다.  이우제 국토부 도로국장은 ""민자고속도로 정체 및 노후화에 선제적으로 대응하기 위해 이 사업뿐만 아니라 앞으로 다양한 개량·확장 민자사업이 발굴되고 추진될 수 있도록 노력하겠다""고 말했다.",건설
"삼성물산 건설부문(이하 삼성물산)이 호주에서 4700억원 규모의 고압직류 송전 설비(HVDC) 프로젝트를 수주했다. 이로써 삼성물산은 올해 호주 에너지 시장에서 1조원 수주액을 달성했다.  삼성물산은 호주 연방정부와 빅토리아·타즈매니아 주정부가 설립한 마리너스링크 (Marinus Link Pty Ltd)가 발주한 마리너스링크 HVDC 프로젝트 계약을 체결했다고 18일 밝혔다.  이번 프로젝트는 호주 빅토리아주 헤이즐우드 지역과 타즈매니아주 헤이브릿지 지역을 연결하는 지중 90km·해저 255km 길이, 750MW 규모의 초고압직류 송전 설비를 설계·조달·시공(EPC)하는 사업이다. 마리너스링크 HVDC 사업을 통해 풍부한 신재생 에너지를 보유한 타즈매니아주와 빅토리아주를 포함한 본토 지역 간 에너지 손실을 최소화하면서도 양방향으로 안정적인 송전이 가능하게 된다. 삼성물산은 현지 인프라 전문 건설사(DTI)와 조인트벤처(JV)를 구성해 지중 케이블 설치를 위한 토목공사와 변환소 공사 패키지를 수주했다. 총 9400억에 달하는 공사비 중 삼성물산 지분은 50%인 약 4700억원 규모다.  삼성물산은 사업 초기 단계부터 시공자가 설계에 참여하는 ECI 과정에서 최적화된 설계안과 아랍에미리트(UAE) HVDC 사업으로 쌓은 수행 역량을 제시해 발주처의 높은 평가를 받았다.  김성준 삼성물산 ES영업본부장(부사장)은 ""이번 마리너스링크 HVDC 프로젝트는 호주 시장에서 삼성물산의 기술력과 프로젝트 수행 역량을 인정받은 성과""라며 ""앞으로도 호주를 비롯한 글로벌 에너지 시장에서 사업 영역을 지속 확대해 나가겠다""고 말했다.  한편 삼성물산은 올해 7월 약 2000억원 규모의 호주 빅토리아주 나와레(Gnarwarre) 에너지 저장장치(BESS) 사업을 수주하는 등 올해에만 호주 에너지 시장에서 1조원의 수주를 달성했다. 삼성물산은 2023년 멜버른 재생에너지 허브(MREH) 프로젝트를 시작으로 호주 에너지 시장에 진출, 현재까지 2.9GWh 규모의 에너지 저장장치 사업을 수행 중이다.",건설
"앞으로 원청업체 승인 없이도 하청업체가 발주처로부터 공사대금을 지급받을 수 있게 된다. 건설 근로자 임금, 자재장비비는 근로자와 업자에게 직접 지급된다. 건설공사 하도급 대금이 제때 지급되지 않아 발생하는 중소·하도급 건설업체의 경영 부담 및 건설 근로자 임금 지급지연·체불을 해소하기 위한 조치다.  국토교통부는 이같은 내용의 건설산업기본법 시행규칙 개정안을 입법예고한다고 18일 밝혔다. 입법예고 기간은 19일부터 다음달 28일까지다.  개정안은 발주자가 지급한 공사대금이 지급되는 과정에서 원수급인의 승인 절차를 삭제한다  현행 규정에 따르면 발주자가 공사대금을 원수급인에게 지급할 경우 원수급인은 하수급인이 하도급대금을 적절하게 청구했는지 확인하고 대금을 지급해야 한다.  이 과정에서 원수급인이 검토 절차를 이유로 하도급대금 지급 승인을 지연하는 사례가 종종 발생했다.  근로자 임금·자재장비비를 직접 지급하는 방안도 담겼다. 발주자가 지급한 공사대금 중 근로자 임금, 자재장비비는 하수급인 건설사를 거치지 않고 개별 근로자 및 자재장비업자에게 직접 지급된다.  이에 따라 원수급인이나 하수급인의 자금 사정, 계좌 동결 등으로 발생하던 임금·대금 체불을 차단할 수 있을 것으로 국토부는 기대하고 있다.  한편 조달청은 개정 절차가 진행되는 동안 현재 공공 발주 건설공사의 99%에 적용 중인 '하도급지킴이' 시스템을 개선하고 내년 3월 30일부터는 개정된 규정에 따라 공사대금이 지급될 수 있도록 할 계획이다.  조숙현 국토부 건설현장준법감시팀장은 ""공사대금 체불 방지 및 건설현장 투명화 등 전자대금지급시스템이 도입된 취지가 제대로 실현될 수 있도록 관련 제도를 지속적으로 정비해 나갈 계획""이라고 밝혔다.",건설
"국토교통부가 18일 오전 '모듈러 건축 활성화 지원에 관한 특별법' 제정안 의견 수렴을 위한 공청회를 연다고 밝혔다.  모듈러 건축 공법은 건축물의 주요 구조부를 공장 등 현장 외의 장소에서 사전 제작하고 현장에서는 조립만으로 건축물을 완성하는 건설 신기술이다.  기존 건설 공법 대비 20~30% 가량 공기단축이 가능하고 안전사고 방지에 유리한 등 다양한 장점이 있다. 그러나 현재는 모듈러 특징과 맞지 않는 현장공사 중심의 건설기준 및 규제로 활성화가 저조한 상황이다.  국토부는 모듈러 특별법을 통해 맞춤형 법령 체계를 마련하고 각종 규제특례와 인센티브를 지원하여 모듈러 산업을 육성할 계획이다.  먼저 미비했던 모듈러 관련 법령상 정의를 규정하고 모듈러 건축 활성화 기본계획(5년) 및 시행계획(1년)의 수립과 중요사항의 의결을 위한 모듈러 건축 심의위원회의 설치·운영에 관한 근거를 마련한다.  또 설계·시공·감리·품셈 등 건설 공사의 전 과정에 걸쳐 현장공사와 구분되는 모듈러 맞춤형 표준 기준을 수립하고 이를 공공부문부터 우선 적용할 수 있도록 권장한다.  국토부장관이 '모듈러 건축 진흥구역'을 지정할 수 있도록 하고 진흥구역을 대상으로 기반시설 조성이나 실증사업 추진 등을 지원할 수 있도록 한다.  건축용 모듈을 제작하는 공장의 제조시스템과 품질관리 역량을 평가하는 '모듈러 생산인증제도'를 도입한다. 향후 일정 규모 이상 공공건축물 공사에는 인증모듈만을 사용하도록 의무화할 계획이다.  생산인증 모듈을 사용한 건축물에 대한 '모듈러 건축인증제도'도 운영한다. 일정 등급 이상을 달성한 모듈러 건축물에 대해서는 각종 인센티브와 규제 특례를 적용한다.  특별법은 공청회에서 제기된 의견들을 종합적으로 검토한 후 신속히 입법 논의 절차가 진행될 수 있도록 할 계획이다.  김규철 국토부 주택토지실장은 ""특별법 제정이 그동안 모듈러 건축의 활성화를 어렵게 해왔던 여러 가지 애로요인을 획기적으로 해결하는 계기가 될 것""이라며 ""하루 빨리 특별법 제정이 이루어질 수 있도록 최선을 다하겠다""고 밝혔다.",건설
"[이 기사에 나온 스타트업에 대한 보다 다양한 기업정보는 유니콘팩토리 빅데이터 플랫폼 '데이터랩'에서 볼 수 있습니다.]  ""일본의 건설 산업은 구조와 언어, 기술 기준, 산업 네트워크까지 모두 폐쇄적으로 얽혀 있어 외국 기업이 단독으로 진입하기에는 사실상 불가능에 가까운 시장이었다.""  박종은 창소프트아이앤아이 부대표 겸 COO(최고운영책임자)는 지난 2년 간 일본 시장을 직접 발로 뛰며 이러한 장벽을 하나씩 확인하고, 동시에 이를 넘기 위한 현실적인 해법을 모색해 왔다. 그가 일본을 오가며 쌓은 해외 진출 기록은, 한국 B2B(기업 간 거래) 소프트웨어(SW) 기업이 어떻게 글로벌 시장을 공략해야 하는지를 입체적으로 보여주는 사례로 꼽힌다.  2008년 설립된 창소프트아이앤아이는 건축 BIM(Building Information Modeling) 전문기업이다. BIM은 3차원(3D) 모델에 설계·시공·유지관리 정보를 결합해 건설 전 과정의 데이터를 통합적으로 생산·관리·활용하는 기술을 뜻한다.  창소프트아이앤아이의 솔루션은 평면 건축 도면을 인식해 3D 구조 골조를 자동으로 생성하고, 배근 상세는 물론 철근 이음과 정착 로직까지 반영해 철근·콘크리트·거푸집 물량을 정밀하게 산출할 수 있다. 이러한 기술력을 바탕으로 국내 상위 30대 종합건설사 가운데 약 70%가 해당 솔루션을 도입하며 시장에서 입지를 구축했다. 다만 장기화된 건설경기 침체로 성장 속도는 점차 둔화됐다. 국내 건설사 수는 많지만 고도화된 건축 SW를 실제로 도입할 수 있는 수요는 대형사 중심으로 제한돼 있다는 점도 한계로 작용했다.  이에 박종은 부대표는 해외로 눈을 돌렸다. 첫 개척지로 도심재생사업이 한창인 일본을 택했고, 현지 기업과 조인트벤처(JV·합작회사)를 설립하는 방식으로 시장을 공략하기로 했다.    일본 건설산업의 높은 진입 장벽  박 부대표는 2023년 1월부터 약 6개월간 틈 날 때마다 일본을 오가며 현지 시장을 직접 탐색했다. 건설사와 설계사, 엔지니어링 회사 등 10여곳을 찾아가 기술을 소개하고 시장 반응을 꼼꼼히 살폈다. 일본은 장인정신과 함께 무결점을 중시하는 문화가 강해 기존 업무 방식을 대체하는 외국산 SW가 뿌리내리기 쉽지 않은 시장이다. 그럼에도 박 부대표의 집요한 접근과 현장 중심 소통으로 조금씩 문이 열렸다.  그 과정에서 도쿄공업대학에서 창업한 벤처기업 BSI를 알게 됐고 2023년 6월 지분 5대 5의 조인트벤처(JV) 'BnB솔루션'을 설립했다. JV 설립에는 과학기술정보통신부와 정보통신산업진흥원(NIPA), 글로벌디지털혁신네트워크(GDIN)가 공동 추진하는 'D.N.A. 융합 제품·서비스 해외진출 지원사업'이 큰 도움이 됐다. 해당 사업은 해외진출을 희망하는 기업을 대상으로 JV 설립에 필요한 법률·특허(IP)·회계·세무 자문은 물론 현지 마케팅과 활동비까지 패키지로 지원하는 프로그램이다.    ""그대로 가져가선 안 됐다""… 일본 기준에 맞춘 1년의 재개발  그런데 시작부터 난관에 봉착했다. 창소프트아이앤아이의 기술을 일본에서 쓸 수 없었다. 박 부대표는 ""한국과 일본은 건축 기준은 겉으로 봐선 유사하나 구조 설계 방식, 용어, 관행 등에서 상당한 차이가 있었다""며 ""한국 건설 기준에 맞춰 개발한 솔루션이었기에 일본에 그대로 가져갈 수 없었다""고 회상했다.  이에 솔루션을 10단계로 나눠 하나씩 수정해 나갔다. 구조 기준, 표현 방식, 출력 형식까지 세세한 부분을 조정하는 작업이 1년 가까이 이어졌다. 그 결과 지난해 7월, 일본 현지 시장에 맞춘 솔루션이 완성됐다.  특히 일본 현장에서는 구조 설계 이후 철근 배치 과정에서 발생하는 '철근 간섭' 문제가 대표적인 비효율로 꼽혔다. 설계도대로 시공해도 철근이 서로 충돌하거나 돌출되는 사례가 빈번해 이를 사람이 일일이 수작업으로 수정해야 했다. 많은 시간과 인력이 투입되는 구조적 한계가 현장의 부담으로 작용해 왔다.  창소프트아이앤아이는 이러한 문제까지 집요하게 파고들었다. 철근 간섭을 자동으로 검출하고 문제 지점을 시각적으로 표시하는 기능을 새롭게 추가하자 일본 현지 기업들의 문의가 쏟아졌다. 박 부대표는 ""간섭 발생 위치, 층수를 즉시 확인할 수 있도록 한 것인데 글로벌 시장에서도 아직 찾아보기 힘든 기술""이라고 강조했다.    내년 3월까지 12곳 일본 고객사 확보 기대…글로벌 확장  창소프트아이앤아이는 이미 일본 기업 2곳에서 솔루션 구매 요청을 받은 상태다. 내년 3월까지 약 10개 건설사를 고객사로 추가 확보할 수 있을 것으로 기대했다. 이를 바탕으로 내년 일본시장에서만 10억원 이상의 매출을 올릴 것으로 예상했다. 박 부대표는 ""만약 우리가 직접 마케팅과 영업을 맡았다면 현지 네트워크와 시장의 중심부까지는 들어가기 어려웠을 것""이라며 JV 전략의 중요성을 강조했다.  JV 전략을 통해 본격적인 매출 성과를 내기 시작한 창소프트아이앤아이는 최근 베트남 시장 진출에도 성공했다. 내년부터는 스페인을 거점으로 유럽과 중남미 지역까지 JV 설립을 확대할 계획이다. 그는 ""전세계에서 널리 쓰이는 한국의 대표 건축 소프트웨어로 만들 것""이라고 말했다.  [머니투데이 스타트업 미디어 플랫폼 '유니콘팩토리']",건설
"올해 전국 입주 아파트 10가구 중 1가구는 GS건설의 주택브랜드 '자이'(Xi)였다.  GS건설은 자이의 올해 입주물량이 2만8669가구로 집계됐다고 17일 밝혔다. 이는 전국 입주물량 27만8000여가구(부동산R114 기준)의 10%에 달하는 규모로 10대 건설사 중 가장 많은 물량이다. 자이는 부동산R114가 발표한 '2025 베스트 아파트 브랜드' 조사에서 종합 1위를 차지했다.  지난 6월 입주를 시작한 서울 서초구 잠원동 '메이플자이'는 지역을 대표하는 대장단지로 자리매김했다는 평가를 받는다.  국토교통부 실거래가 공개시스템에 따르면 '메이플자이'는 올해 7월 전용면적 135㎡ 입주권이 71억원에 거래되며 재건축·재개발을 앞둔 단지를 제외하고 잠원동 최고가를 기록했다. 전용 84㎡ 입주권 역시 56억5000만원에 손바뀜됐다.  올해 입주한 광명시 철산동 '철산자이 더 헤리티지' 전용 114㎡ 입주권은 지난 9월 19억원에 거래되며 철산동 최고가를 기록했다. 자이는 △한국토지주택공사(LH) 품질시험에서 중량·경량 충격음 모두 1등급 성능을 획득한 층간소음 저감 바닥구조 △공간과 조명이 일체화된 시스템 △브랜드 아이덴티티를 청각영역으로 확장한 '자이 사운드스케이프' 등 차별화한 기술을 주거에 적용한다.  사후관리 면에서 자이는 '디어 자이안'(Dear. Xian) 캠페인을 통해 입주 1~2년차 단지를 대상으로 조경, 커뮤니티시설, 주차장 등 공용부를 선제적으로 점검하고 필요시 보수를 진행하는 '먼저보고 새로고침' 서비스를 운영한다.",건설
"중국의 주택 신규착공이 판매되는 물량의 절반 가까운 비중으로 추락했다. 과거 금융위기와 부동산시장 조정기보다 낮은 수준으로 중국에선 '지어도 돈이 안된다'는 건설사들의 판단이 구조화됐다는 분석이 나온다.  근본적으로 미래소득이 더이상 늘지 않을 것이란 국민심리가 고착돼 주택이 안 팔리고 건설도 얼어붙는 악순환이 이어진다는 게 전문가들의 지적이다.  17일 중국 경제매체 차이신은 최근 국가통계국이 발표한 1~11월 전국 주택 신규착공 면적과 신규주택 판매면적을 분석, 신규착공 규모가 동기 판매면적의 59.5%에 불과했다고 보도했다. 이는 중국 주택시장의 출발점으로 통하는 2003년 이래 가장 낮은 비중이다. 차이신은 이 비율이 50%대에 접어든 것은 '건설광풍' 시대의 종식이자 부동산시장의 심층 조정국면 진입을 뜻한다고 평가했다.  부동산 개발사의 기대구조가 사실상 붕괴했다는 뜻이다. 개발사가 착공을 결정하는 근거인 △미래 부동산가격 상승 △금융레버리지 △선판매 회전율 모두가 얼어붙은 셈이다. 그나마 현재 판매되는 물량의 상당부분도 재고할인, 기존 프로젝트 소진에 따른 것으로 분석된다. 중국의 판매·착공비율은 2003년부터 2014년까지 평균적으로 110% 이상을 유지했다. 과열조짐과 함께 주택재고가 쌓이자 중국 당국은 재고해소 정책을 내놓아 2015~2017년 판매·착공비율이 84%대까지 하락했다. 재고가 소진되자 2018~2020년 3년 연속 판매·착공비율은 다시 100%를 넘어섰다.  본격적인 추락은 2022년 76.9%를 기록하며 시작됐다. 이후 2023년 73.1%, 2024년 65.9%로 내려갔고 올해 50%대에 진입했다.  설상가상 재고물량도 많아 부동산시장 조정이 더 심화할 수 있다는 지적이 나온다. 상하이 이쥐부동산연구원에 따르면 지난 11월 기준 전국 100개 도시의 신축 상품주택 소진기간은 27.4개월로 적정범위인 12~14개월을 크게 웃돌았다. 그만큼 재고가 쌓여 있다는 뜻이다. 딩쭈위 커얼루이그룹 회장은 ""현재 부동산시장은 재고를 소화하고 가격에 대한 신뢰를 재구축하는 핵심국면에 있다""고 말했다.  일각에선 국민들의 소득기대 둔화가 이같은 중국 부동산시장 추락의 근본원인이란 지적도 나온다. 국신증권은 보고서를 통해 각종 부양책에도 부동산시장이 침체를 면치 못하는 것은 소득증가 속도가 떨어져 집값을 감당하지 못할 것이란 우려가 국민 사이에 광범위하게 퍼졌기 때문이라고 분석했다.  기대소득이 낮더라도 한국처럼 토지부족, 인허가 지연, 재건축 규제 등 원인이 있다면 '소득은 오르지 않더라도 집은 더 귀해진다'는 심리가 형성돼 '묻지마 사자' 분위기가 만들어질 수 있지만 중국은 그렇지 않다.  이와 관련, 시진핑 국가주석은 전날(16일) 공산당 중앙위원회 정책이론지 '치우스'에 게재한 글을 통해 국민소득이 안정돼야 미래에 대한 걱정 없이 소비할 수 있다며 △고용촉진 △사회보장제도 개선 △소득분배 구조 최적화 △중산층 확대 등의 추진이 필요하다고 강조했다.",건설
"LG에너지솔루션이 9조6000억원 규모 배터리 공급 계약 해지 소식에 급락했다. 이를 포함한 이차전지 종목들은 약세를 보였다. 미국과 유럽연합(EU) 등 주요 시장에서 전기차 정책 기조가 바뀌면서 수요 둔화 장기화 우려가 투자심리에 악영향을 미친 것으로 보인다.  18일 한국거래소에 따르면 LG에너지솔루션은 전일대비 3만7000원(8.90%) 내린 37만8500원에 정규장 거래를 마쳤다.  LG에너지솔루션은 지난 10월 29일 장중 52만7000원으로 52주 신고가를 경신했다. 하지만 이후 전기차 수요 둔화 우려가 불거지면서 주가는 등락을 반복하며 우하향했다. 이날은 38만원선까지 붕괴됐다.  여타 2차전지 관련주들도 지지부진한 흐름을 보이고 있다. 코스피에서는 LG화학(-8.52%), 엘앤에프(-8.52%), 포스코퓨처엠(-7.13%), 에코프로머티(-6.35%) 등이 급락했고, 코스닥에서는 에코프로비엠(-7.0%), 에코프로(-4.74%) 등이 하락했다.  이차전지 ETF(상장지수펀드)도 대부분 내렸다. 'TIGER 이차전지테마'(-6.09%), 'KODEX 이차전지핵심소재10'(-6.35%), 'RISE 이차전지TOP10'(-5.93%) 'BNK 이차전지양극재'(-6.30%) 등이 하락 마감했다. 이차전지를 담은 일부 레버리지 상품은 전일 대비 최대 12% 넘게 내렸다.  지난 10월 주가가 크게 오르면서 2차전지 주도주로 부각됐던 LG에너지솔루션은 전일 포드와의 전기차 배터리 공급 계약이 해지됐다고 공시하면서 그간 상승분을 반납했다. 해당 계약은 지난해 10월 맺은 것으로 단기 주가 상승 모멘텀으로 작용하고 있었다. 계약 내용은 크게 2027년부터 2032년까지 6년간 75기가와트시(GWh) 배터리 공급, 내년부터 2030년까지 5년간 34GWh 배터리 공급 등 두건이었는데, 이중 75기가와트시 계약 건이 해지됐다.  계약이 해지된 배경은 미국 도널드 트럼프 행정부가 전기차 구매에 적용되던 세액 공제 혜택을 없앤 게 영향을 미친 것으로 보인다. 포드는 수익성이 좋은 하이브리드 차량과 내연기관 차량에 집중하는 방향으로 전략을 수정한 상태다.  이밖에 유럽 친환경차 정책 변화에 대한 소식이 이차전지 관련주 전반에 악재로 작용하고 있다. EU는 '2035년부터 내연기관 차량 판매 금지' 방침을 철회할 것으로 현지 언론은 최근 보도했다. 유럽 자동차업체들이 경쟁력 있는 내연기관차를 계속 생산하는 가운데 가격 경쟁력 높은 중국 전기차가 국내 시장에 밀려들어 온다면 국내 브랜드들은 당분간 영업 위축을 겪게 될 것이란 전망이 지배적이다.  다만 리튬 가격이 오르고 있어 국내 기업들의 수익성과 주가 변동성 등 현재 상황이 이어질지는 지켜봐야한다.  리튬가격은 지난 17일 ㎏당 전월 평균 대비 9.60위안(11.24%) 오른 95.00위안으로 마감했다. 금융투자업계에서는 중국 장거광업이 칭하이성의 한 광산에서 지방정부 지시에 따라 리튬생산을 중단했고 공급과잉 상황이 한풀 꺾이면서 리튬값이 상승했다는 분석이 나온다.  조현렬 삼성증권 연구원은 이날 보고서를 통해 ""LG에너지솔루션과 관련해 이번에 해지된 계약 건은 지난 18개월간 수주한 6건 중 가장 큰 규모로 2027년 이후 매출 전망치 하향이 불가피하다""며 ""이런 판매량 상황은 리튬 가격과는 별도의 영역으로 판단된다""고 말했다.",자동차
"자율주행 및 커넥티드카 보안 솔루션 기업 새솔테크(대표 한준혁)가 2026년 1월 미국 라스베이거스에서 열리는 '국제전자제품박람회(CES 2026)'에서 도로 취약층을 보호하는 차세대 V2X(차량 사물 통신) 보안 기술을 선보인다고 18일 밝혔다.  새솔테크는 2026년 1월6일부터 9일까지 열리는 CES 2026의 스타트업 전시관 '유레카파크(Eureka Park)'에서 도로 취약층(VRU) 보호를 위한 V2X 보안 솔루션 'S2X VRU Client(클라이언트)'를 최초 공개할 예정이다.  CES는 모바일월드콩그래스(MWC), 베를린 국제가전박람회(IFA)와 함께 세계 3대 IT·전자 전시회로 꼽히는 행사다. 2025년 기준 158개국 4500여 개 기업이 참가했으며 14만 명 이상이 방문했다.  회사에 따르면 최근 보행자 및 개인형 이동수단(PM) 이용자 관련 교통사고가 증가하면서 자율주행 환경에서 VRU 보호는 핵심 과제로 부상하고 있다. 차량 탑승자와 달리 물리적 보호 장치가 없는 VRU는 충돌 시 중상 위험이 커서 실시간 보안 인증 및 통신 체계가 중요하다는 설명이다.  'S2X VRU 클라이언트'는 이 같은 문제를 보완하기 위해 개발된 심리스(Seamless) 하이브리드 V2X 보안 플랫폼이다. 차량, 스마트폰, 웨어러블 등의 디바이스에 탑재할 수 있다. 또한 익명 인증서를 통한 개인정보 보호, 고속 서명·검증 기반의 실시간 통신 안정성, 국제 표준 기반 상호운용성을 갖췄다. 이를 통해 차량과 VRU 간 상호 소통을 지원한다.  한준혁 새솔테크 대표는 ""CES 2026은 도로 안전과 보안을 위한 새솔테크의 비전을 글로벌 시장에 제시하는 자리가 될 것""이라며 ""'S2X VRU 클라이언트'로 사람 중심의 안전한 이동 환경을 조성하겠다""고 말했다.  새솔테크는 차량-사물(V2X), 차량-네트워크(V2N) 등 모빌리티 통신 전반을 아우르는 통합 보안 솔루션 'S2X'를 제공 중인 업체다. 'S2X'는 △차량용 보안 클라이언트 'S2X 클라이언트' △서버 인증 시스템 'S2X PKI' △보안 인증 서버 'S2X CMS' 등으로 구성돼 있다.  한편 새솔테크는 최근 710만달러(약 110억원) 규모의 시리즈B 투자 유치를 마쳤다. 이를 기반으로 북미 시장 확대와 글로벌 파트너십을 강화하고 있다. 현재 미국 연방정부가 추진 중인 V2X 구축 프로젝트에 'S2X CMS'를 공급하는 계약도 완료했다.",자동차
"아산시 강소형 스마트시티 조성사업의 핵심 과제 중 하나인 무인순찰로봇 구축 사업이 완료됐다. 이 사업은 호서대학교 산학협력단이 발주하고 로봇·AI(인공지능) 전문기업 팀그릿(TeamGRIT)이 수행한 프로젝트다. 양측은 이번 실증 성과를 바탕으로 로봇 무인순찰 서비스의 지속 운영과 사업화를 위한 업무협약(MOU)도 체결했다.  이번 사업은 아산시 스마트시티 실증 환경에서 사족보행 무인순찰로봇과 통합 관제 시스템을 연계, 실내외 자율 순찰 체계를 구축하는 데 초점을 맞췄다. 팀그릿은 'Unitree(유니트리)' 사족보행 로봇과 자사 솔루션 'CoBiz(코비즈)' 기반 통합 관제 플랫폼을 적용, △다중 로봇 원격 제어 △실시간 영상·센서 모니터링 △자율 순찰 시나리오 △자동 충전 도킹 기능 등을 포함한 무인순찰 시스템을 구현했다.  실증 과정에서는 △실내 SLAM(동시적 위치 추정 및 지도 작성) 기반 자율주행 △실외 경로 기반 순찰 △열화상·PTZ(팬·틸트·줌) 카메라 기반 이상 상황 감지 △다중 로봇 동시 관제 △작업 예약 및 이력 관리 기능 등을 검증했다. 최종 검수에서 주요 성능·기능이 요구사항을 충족하며 공식 인수 절차도 마무리됐다.  팀그릿 관계자는 ""이번 아산시 스마트시티 무인순찰로봇 구축은 로봇 기반 도시 안전 서비스가 실증 단계를 넘어 실제 운영 가능한 수준임을 보여준 사례""라며 ""관제 소프트웨어와 운영 시나리오, 교육 체계까지 포함한 통합 서비스 모델을 완성했다""고 말했다.  호서대학교는 팀그릿과 함께 △로봇 무인순찰 서비스 운영을 위한 교육·운영 인증 체계 구축 △실증 데이터 기반 연구 협력 △지자체·공공기관 확산 모델 발굴 등에 협력하기로 했다. 양측은 이번 협약으로 로봇 무인순찰 서비스의 표준 운영 모델과 사업화 기반을 마련한다는 방침이다.  팀그릿에 따르면 아산시는 본 사업을 통해 스마트시티 내 지능형 안전 관리 체계를 고도화하고 캠퍼스·공공시설·산업단지 등으로 무인순찰로봇 적용 범위를 확대할 수 있는 기반을 확보했다.  팀그릿은 이번 사례를 토대로 지자체·공공기관 대상 로봇 무인순찰 서비스 상용화 및 교육·운영 인증 프로그램, 로봇 관제 데이터 기반 AI 서비스 등으로 사업을 확장할 계획이다.",자동차
"미국 완성차 제조사 포드와 LG에너지솔루션 사이 대형 공급계약이 무산되며 2차전지 업종에 대한 투자심리가 빠르게 식고 있다. 최근 국내 증시에서도 2차전지주를 중심으로 공매도 잔고금액이 늘어난 것으로 나타나 시장에서는 ESS(에너지저장장치) 수요 기대감에 힘입어 반등세를 보였던 주가가 되돌림 국면에 접어들 수 있다는 우려가 나온다.  18일 거래소에 따르면 지난 15일 기준 2차전지 소재회사 사업을 영위하는 포스코퓨처엠 공매도 순보유 잔고금액은 5910억원으로 한미반도체(7095억원) 뒤를 이어 유가증권시장에서 두번째로 많았다. 지난달 초 포스코퓨처엠 공매도 순보유 잔고금액은 4517억원으로 한달 사이 31% 가량 증가했다.  유가증권시장에서 포스코퓨처엠의 뒤를 이어 공매도 순보유 잔고금액이 많은 종목은 2차전지 완제품 제조사 삼성SDI로 나타났다. 삼성SDI 공매도 순보유 잔고금액은 지난달 초 4904억원에서 4% 늘어난 5119억원으로 집계됐다.  코스닥 시장에서도 공매도 순보유 잔고금액이 가장 높았던 에코프로는 공매도 순보유 잔고금액이 같은 기간 6508억원에서 6% 늘어난 6870억원으로 증가했고 두번째로 높았던 에코프로비엠도 5159억원에서 5708억원으로 11% 늘었다.  국내 증시가 본격적으로 상승하기 시작한 올해 상반기에도 부진한 모습을 보이던 2차전지 업종은 지난 10월을 기점으로 반등세를 보였다. 글로벌 빅테크들이 AI(인공지능) 투자를 확대하며 데이터센터와 전력기기 수요가 늘었고 이에 따라 ESS(에너지저장장치) 수요 확대 기대가 주가 반등 배경으로 작용했다.  포스코퓨처엠은 지난 10월27일 장중 26만원까지 오르며 주가가 5개월만에 172% 상승했다. 삼성SDI도 지난달 4일 장중 35만4500원까지 오르며 같은 기간 주가 상승률이 124%로 집계됐고 에코프로도 지난 10일 장중 12만1600원까지 오르며 지난 5월 대비 주가가 222% 증가했다.  다만 증권가에서는 2차전지 업종의 반등을 두고 그간 업황이 우호적으로 전환되며 나타난 구조적 반등이라기 보다 그간 소외된 업종에 대한 순환매 성격이 강하다는 분석을 내놓은 바 있다.  전기차 시장은 여전히 녹록지 않은 상황이다. 지난 9월30일 미국 IRA(인플레이션감축법)가 종료되며 전기차 구매 시 최대 7000달러 상당 보조금을 제공하던 혜택이 사라졌다. 미국 시장에서 전기차 수요도 둔화하는 모습이다.  NADA(미국 전국자동차딜러협회)에 따르면 지난달 전기차는 신차 판매의 5.1%를 차지해 9월(11.3%) 대비 비중이 크게 낮아졌다.  이 가운데 전날 LG에너지솔루션이 포드로부터 지난해 체결했던 9조6030억원 규모 공급계약 해지를 통보받았다고 공시했다. 이날 삼성증권은 계약 해지 영향을 반영해 LG에너지솔루션 목표주가를 55만원에서 48만원으로 하향하고 투자의견은 중립을 유지했다.  한 금융투자업계 관계자는 ""공급계약 해지 규모가 적지 않은데다 2차전지 업체들 이익에서 전기차 부문이 차지하는 비중이 상당하다는 점을 고려하면 투심 악화로 이어질 가능성이 있다""며 ""보조금이 사라져 미국 시장에서 내년에도 전기차 수요 둔화가 이어질 것으로 예상하는 만큼 2차전지 업체들 수익성 압박은 당분간 지속될 것""이라고 말했다.",자동차
"경기도 내 학교가 전기차 충전시설 설치 의무 대상에서 제외될 가능성이 더 커졌다.  경기도교육청은 18일 학생 안전 강화를 위해 추진한 '학교 전기차 충전시설 제외' 관련 조례개정안이 경기도의회 본회의를 통과했다고 밝혔다.  현재 경기도 내 전기차 충전기 설치 의무 대상 학교 989곳 가운데 132곳(13%)에 379기의 충전기가 설치돼 있다. 그러나 인천 아파트 지하주차장에서 발생한 전기차 화재 사고 등을 계기로 학생 안전에 대한 우려가 확산되면서 나머지 857개교에서는 충전기 설치가 전면 중단된 상태다.  학교를 전기차 충전시설 의무 대상에서 제외하는 조례개정은 지난해 3월과 올해 6월 2차례 상정됐으나, 상위법 저촉 우려와 일부 도의원들의 반대로 논의가 지연됐다.  이에 도교육청은 34차례에 걸쳐 도의원들과 개별 협의를 진행했으며 지난 8월 법제처로부터 '조례 개정을 통해 설치 의무 대상 시설에서 학교를 제외할 수 있다'는 공식 해석을 받아 담당 상임위원회인 미래과학협력위원회에 전달했다.  조례개정안은 지난 15일 상임위를 통과한 데 이어 이날 도의회 본회의에서도 가결됐다. 이에 따라 학생 안전과 학교 시설 특성을 고려한 별도의 전기차 충전시설 설치 기준 마련이 가능해질 전망이다.  임태희 경기도교육감은 앞서 사회관계망서비스(SNS)를 통해 법제처의 유권 해석을 긍정적으로 평가하며 ""학생 안전을 최우선으로 고려한 조례안이 조속히 통과될 수 있도록 도의회와 적극 협의하겠다""고 밝혔다.",자동차
"LG에너지솔루션이 9조6000억원 규모 배터리 공급 계약 해지 소식에 급락했다. 이차전지 관련주 전반이 약세를 보이고 있다. 미국과 유럽연합(EU) 등 주요 시장에서 전기차 정책 기조가 바뀌면서 수요 둔화 장기화 우려가 투자심리에 악영향을 미친 것으로 보인다.  18일 한국거래소에 따르면 LG에너지솔루션은 오전 10시 47분 기준 전일대비 2만8000원(6.62%) 내린 38만8000원에 거래되고 있다.  LG에너지솔루션은 지난 10월 29일 52만7000원으로 52주 신고가를 경신했다. 하지만 이후 전기차 수요 둔화 우려가 불거지면서 주가는 등락을 반복하며 우하향했다. 이날은 장중 40만원선이 붕괴됐다.  이날 다른 2차전지 관련주들도 지지부진한 흐름을 보이고 있다. 이 시각 현재 코스피에서는 LG화학(-7.69%), 엘앤에프(-6.58%), 포스코퓨처엠(-4.99%), 에코프로머티(-3.85%) 등이 내렸고, 코스닥에서는 에코프로비엠(-4.22%), 에코프로(-2.52%) 등이 하락했다.  이차전지 ETF(상장지수펀드)도 대부분 내리는 중이다. 'TIGER 이차전지테마'(-4.66%), 'KODEX 이차전지핵심소재10'(-4.72%), 'RISE 이차전지TOP10'(-4.23%) 'BNK 이차전지양극재'(-4.43%) 등이 약세다. 이차전지를 담은 일부 레버리지 상품은 9%대 내렸다.  2차전지 관련종목으로 지난 10월 주가가 크게 올랐던 LG에너지솔루션은 전일 포드와의 전기차 배터리 공급 계약이 해지됐다고 공시하면서 상승분을 반납했다. 해당 계약은 지난해 10월 맺은 것으로 단기 주가 상승 모멘텀으로 작용했었다. 계약 내용은 크게 2027년부터 2032년까지 6년간 75기가와트시(GWh) 배터리 공급, 내년부터 2030년까지 5년간 34GWh 배터리 공급 등 두건이었는데 이중 75기가와트시 계약건이 해지됐다.  계약이 급작스레 해지된 것은 미국 도널드 트럼프 행정부가 전기차 구매에 적용되던 세액 공제 혜택을 없앤 게 영향을 미친 것으로 보인다. 포드는 수익성이 좋은 하이브리드 차량과 내연기관 차량에 집중하는 방향으로 전략을 수정한 상태다.  이밖에 유럽 친환경차 정책 변화에 대한 소식이 전해지면서 이차전지 관련주 전반에 악재로 작용한 모습이다. 유럽연합(EU)은 '2035년부터 내연기관 차량 판매 금지' 방침을 철회할 것으로 현지 언론은 최근 보도했다. 유럽 자동차업체들이 경쟁력 있는 내연기관차를 계속 생산하는대다 가격 경쟁력 높은 중국 전기차가 밀려올 경우 국내 브랜드의 영업은 당분간 위축될 것이란 전망이 지배적이다.  다만 리튬 가격이 계속 오르고 있어 상황이 지속될 지는 지켜봐야 한다.  전일 리튬가격은 ㎏당 전월 평균 대비 9.60위안(11.24%) 오른 95.00위안으로 마감했다. 금융투자업계에서는 중국 장거광업이 칭하이성의 한 광산에서 지방정부 지시에 따라 리튬생산을 중단했고 공급과잉 상황이 한풀 꺾이면서 리튬값이 상승했다는 분석이 나온다.  조현렬 삼성증권 연구원은 이날 보고서를 통해 ""LG에너지솔루션은 유럽 공장의 저위 가동률 극복하기 위해 지난 18개월간 6건의 수주 활동을 진행했다""며 ""이번 계약 해지된 건은 그중 가장 큰 규모의 계약으로 2027년 이후 매출 전망치 하향이 불가피하다""고 말했다.",자동차
"현대자동차그룹이 소프트웨어 중심 모빌리티 기업으로의 전환을 주도할 핵심 인사로 만프레드 하러 R&D본부 차량개발담당 부사장과 정준철 제조부문장을 각각 사장으로 승진 임명했다. 글로벌 불확실성과 공급망 리스크 해소에 기여한 리더를 승진시키고 분야별 전문성을 지닌 미래 인재를 등용한 게 특징이다.  현대차그룹은 18일 정기 임원 인사를 단행하며 이같이 밝혔다. SDV(소프트웨어중심차량) 전환을 책임질 R&D본부장에 임명된 만프레드 하러 사장은 지난해 현대차그룹에 합류한 이후 R&D본부 차량개발담당 부사장으로 제품개발 전반을 아우르는 기술 전문성을 바탕으로 차량의 기본 성능 향상을 주도해왔다. 하러 사장은 연구개발을 총괄하며 소프트웨어를 비롯한 유관 부문과의 협업을 통해 SDV 경쟁력을 한층 끌어올릴 예정이다.  함께 승진한 정준철 사장은 완성차 생산기술을 담당하는 제조솔루션본부와 수익성과 공급망 관리의 핵심인 구매본부를 총괄해왔다. 이번 승진을 통해 SDF(소프트웨어중심공장) 구축을 가속화하고 로보틱스 등 차세대 생산체계 전환을 주도할 계획이다. 현대차그룹은 하드웨어 제조 경쟁력에 소프트웨어 역량을 결합해 생산 시스템 전반의 혁신을 추진한다는 구상이다.  북미 시장 성과를 인정받아 기아 북미권역본부장 윤승규 부사장도 사장으로 승진했다. 윤 사장은 미주실장과 미국·캐나다 판매법인장을 거친 판매 전문가로 어려운 경쟁 환경 속에서도 전년 대비 8%가 넘는 북미 소매 판매 성장을 이끈 공로를 인정받았다. 현대차그룹은 이번 승진을 통해 성과 중심 인사 기조를 다시 한 번 분명히 했다.  지난 5일 사임한 송창현 AVP(첨단차량플랫폼)본부 사장의 후임은 이번 인사에 포함되지 않았다. 현대차그룹은 송 전 사장 주도로 수립된 SDV 개발 전략과 차세대 인포테인먼트 시스템 '플레오스 커넥트', 자율주행 기술 '아트리아 AI' 등을 기반으로 SDV 핵심 기술의 양산 전개를 예정대로 추진할 방침이다.  현대차그룹은 아울러 국내 생산기지를 총괄하는 국내생산담당 겸 최고안전보건책임자에 최영일 전무를 부사장으로 승진 임명했다. 제조기술 엔지니어링에 정통한 인물을 전면에 배치해 국내 공장을 기술 중심의 '마더 팩토리'로 재정립하겠다는 전략이다. 주요 계열사 대표 인사도 단행됐다. 현대제철 신임 대표이사에는 30년 이상 철강업계 경험을 보유한 이보룡 사장이 임명됐다. 이 신임 대표는 생산과 R&D, 철강사업 운영 전반을 두루 경험한 인물로 대규모 설비·기술 투자 전략을 연속성 있게 추진할 적임자로 평가된다. 현대카드 조창현 대표와 현대커머셜 전시우 대표는 비우호적인 경영 환경 속에서도 안정적인 성과를 낸 점을 인정받아 각각 부사장으로 승진했다. 서강현 현대제철 대표는 그룹 기획조정담당으로 이동한다.  현대차그룹은 사장 승진 4명을 포함해 부사장 14명, 전무 25명, 상무 신규선임 176명 등 총 219명을 승진시켰다. 지난해보다 승진자 수는 20명 줄었지만 조직 슬림화와 미래 재투자 여력 확보에 초점을 맞췄다. 상무 신규선임 대상자 중 40대 비율은 절반 가까이로 확대됐고 전체 승진자의 약 30%를 R&D와 핵심 기술 분야 인재로 채우며 기술 중심 인사 기조를 강화했다.  현대차그룹 관계자는 ""글로벌 불확실성을 체질 개선과 재도약의 기회로 삼아 인적 쇄신과 리더십 변화를 추진했다""며 ""SDV 경쟁에서의 압도적 기술 우위를 확보하기 위한 인사와 투자를 지속할 것""이라고 말했다.",자동차
"현대자동차그룹은 18일 2025년 임원 인사를 통해 이보룡 현대제철 생산본부장 부사장(사진·60)을 현대제철 신임 대표이사 사장으로 승진·임명했다고 밝혔다.  이 신임 대표는 30년 이상 철강업계에 몸담아 온 '철강 전문가'로 꼽힌다. 연세대 금속공학과를 졸업한 그는 현대차그룹 강관 제조 계열사인 현대하이스코에 입사했다. 현대제철이 2015년 현대하이스코를 인수한 이후에는 생산기술센터장, 연구개발본부장, 판재사업본부장 등을 역임했다.  총 58억 달러(약 8조 원)가 투입되는 미국 루이지애나 전기로 제철소 건설 등 대규모 투자를 앞둔 상황에서 철강 사업 이해도가 높은 인물을 전면에 내세웠다는 평가다. 특히 글로벌 철강 시황의 불확실성이 커진 가운데 이 신임 대표는 다양한 경험을 바탕으로 내부 상황을 빠르게 파악하고, 조직을 한 방향으로 이끌 수 있는 리더십을 갖췄다는 평가를 받고 있다.  △1965년생 △연세대 금속공학 학사 △연세대 경영학 석사 △현대제철 생산기술센터장 상무 △현대제철 연구개발본부장 전무 △현대제철 판재사업본부장 전무·부사장 △현대제철 생산본부장 부사장",자동차
현대자동차그룹이 하드웨어 영역에서의 제조 경쟁력을 한 층 강화하고 소프트웨어 중심 공장(SDF) 구축을 가속하기 위해 정준철 현대차·기아 제조부문장을 사장으로 승진시켰다고 18일 밝혔다.  정 사장은 완성차 생산기술을 담당하는 제조솔루션본부와 수익성·공급망 관리의 핵심인 구매본부를 총괄하고 있다. 이번 승진으로 소프트웨어 중심 미래 생산체계 구축과 로보틱스 등 그룹 차세대 생산체계 구축에 주력할 예정이다.  △1961년생(64세) △부산대 기계설계학 학사 △현대차 선행생기1실장(상무) △현대차 선행생기센터장(전무) △현대차 제조부문장 겸 제조솔루션본부장(전무·부사장),자동차
"현대자동차그룹이 만프레드 하러 현대차·기아 차량개발담당 부사장을 R&D본부장 사장으로 승진시켰다고 18일 밝혔다.  독일 출신인 하러 사장은 1972년생으로 뮌헨 응용과학대학교에서 기계공학 석사, 영국 바스대학교 기계공학 박사를 수료했다. 포르셰에서 섀시·첨단운전자보조시스템(ADAS) 개발 담당 부사장을 맡았다. 포르셰의 주요 차종인 카이엔, 박스터 등 내연기관 차량뿐만 아니라 타이칸 전기차 개발을 주도한 이력이 있다. 이후 애플의 전기차 개발 프로젝트에서 차량 통합 책임자를 맡았다.  지난해 현대차그룹에 합류한 이후 R&D본부 차량개발담당 부사장으로서 제품개발 전반을 아우르는 기술 전문성을 바탕으로 차량의 기본성능 향상을 주도했다. 짧은 시간에도 불구하고 현대차·기아만의 브랜드 정체성 확립에 크게 기여했다는 평가를 받고 있다.  △1972년생 △University of Bath 기계공학 박사 △Munich University of Applied Sciences 기계공학 석사 △현대자동차 차량개발담당 부사장 △애플 Head of Full Vehicle Integration △포르쉐 Product Line Cayenne △포르쉐 샤시 및 ADAS 개발 담당",자동차
"현대자동차그룹이 소프트웨어 중심 모빌리티 기업으로의 전환을 주도할 핵심 인사로 만프레드 하러 R&D본부 차량개발담당 부사장과 정준철 제조부문장을 각각 사장으로 승진 임명했다. 연구개발(R&D)과 핵심 기술 경쟁력 강화를 중심으로 인사를 단행했다.  현대차그룹은 18일 정기 임원 인사를 단행하며 이같이 밝혔다. SDV(소프트웨어중심차량) 전환을 책임질 R&D본부장에 임명된 하러 사장은 지난해 현대차그룹에 합류한 이후 제품개발 전반을 아우르는 기술 전문성을 바탕으로 차량의 기본성능 향상을 주도하고 현대차·기아만의 브랜드 정체성 확립에 크게 기여했다는 평가를 받는다.  함께 사장으로 승진한 정준철 사장은 완성차 생산기술을 담당하는 제조솔루션본부와 수익성과 공급망 관리의 핵심인 구매본부를 총괄하고 있다. 이번 승진을 통해 소프트웨어 중심 공장(SDF) 구축과 차세대 생산체계 전환을 맡는다.  지난 5일 사임한 송창현 AVP(첨단차량플랫폼)본부 사장의 후임은 인사 대상에 포함되지 않았다.  북미 시장 성과를 인정받아 기아 북미권역본부장 윤승규 부사장도 사장으로 승진했다. 윤 사장은 어려운 경쟁환경 속에서도 북미 소매 판매 성장을 이끈 공로를 인정받았다.  주요 계열사 대표 인사도 단행됐다. 현대제철 신임 대표이사에 이보룡 사장이 임명됐으며, 현대카드 조창현 대표와 현대커머셜 전시우 대표는 각각 부사장으로 승진했다. 서강현 현대제철 대표는 그룹 기획조정담당으로 이동한다.  현대차그룹은 사장 승진 4명을 포함해 총 219명을 승진시켰다. 40대 차세대 리더와 기술 인재를 적극 발탁해 상무 신규선임 대상자 중 40대의 비율은 2020년 24% 수준에서 올해 절반 비중으로 올랐다. 전체 승진 대상자 중 30% 가까이 R&D와 주요 기술 분야에서 발탁·승진시키며 기술인재 중심의 인사철학을 이어갔다.  현대차그룹 관계자는 ""이번 임원 인사를 통해 글로벌 불확실성의 위기를 체질 개선과 재도약의 기회로 삼아 인적쇄신과 리더십 체질변화를 과감하게 추진했다""며 ""SDV 경쟁에서의 압도적 경쟁력을 확보하기 위한 혁신적인 인사와 투자를 지속할 것""이라고 밝혔다.",자동차
"모빌리티 플랫폼 기업 아이엘은 AI(인곤지능) 기업 솔트룩스와 함께 휴머노이드 및 지능형 로봇을 중심으로 한 피지컬 AI 데이터 관련 전략적 업무협약(MOU)을 체결했다고 18일 밝혔다.  양사는 로봇 플랫폼과 파운데이션 AI를 유기적으로 결합해 해외 빅테크 의존 없이 국내 주도의 피지컬 AI 생태계 구 축을 본격화한다는 전략이다.  아이엘은 휴머노이드 및 지능형 로봇 플랫폼 전반의 하드웨어·소프트웨어 개발과 실제 현장 운용을 담당한다. 이를 통해 로봇의 행동, 센서, 환경 상호작용 과정에서 발생하는 데이터를 직접 확보하고, 피지컬 AI 학습에 필수적인 고품질 실환경 데이터를 지속적으로 축적해 나갈 계획이다.  솔트룩스는 아이엘의 휴머노이드 로봇 플랫폼을 통해 생성되는 데이터를 기반으로 피지컬 AI 파운데이션 모델 개발과 대규모 학습·고도화 연구를 담당한다. 멀티모달 기반의 추론·행동 모델을 고도화해, 로봇이 실제 물리 환경에서 스스로 판단하고 움직이는 차세대 지능형 로봇 AI 구현을 목표로 한다.  양사는 향후 제조·물류·도시 인프라·공공 영역을 중심으로 피지컬 AI 적용 범위를 확대하고, 산업별 맞춤형 패키지 솔루션 개발 및 글로벌 시장 진출도 공동으로 추진할 예정이다. 아울러 피지컬 AI 데이터 거버넌스 체계를 구축해, 데이터 활용과 확장 과정에서도 주도권을 공고히 한다는 방침이다.  아이엘 관계자는 ""AI 경쟁의 본질은 알고리즘이 아니라 실제 물리 환경에서 축적되는 데이터""라며 ""이번 협력을 통해 아이엘은 피지컬 AI 데이터가 생성되는 현장을 장악하고, 솔트룩스는 그 데이터를 학습해 진화하는 두뇌를 구축함으로써 글로벌 경쟁력을 갖춘 피지컬 AI 플랫폼 기업으로 도약할 것""이라고 말했다.  솔트룩스 관계자는 ""피지컬 AI는 파운데이션 모델의 다음 진화 단계""라며 ""아이엘의 휴머노이드 로봇 플랫폼에서 생성되는 고품질 실데이터는 글로벌 경쟁력을 갖춘 피지컬 AI 모델을 만드는 핵심 자산이 될 것""이라고 말했다. 송성근 아이엘 의장은 ""AI는 따라갈 수 있지만 데이터가 쌓이는 물리적 세계는 먼저 차지한 기업이 지배한다""고 강조했다.",자동차
"기아 최초 전동화 목적기반차량(PBV) '더 기아 PV5'가 글로벌 주요 어워즈에서 연이어 수상을 이어가고 있다.  기아는 PV5가 △일렉트리파잉닷컴 △뉴스 UK △파커스 등 유럽 매체들이 각각 주관한 어워즈에서 모두 '올해의 밴'에 등극했다고 18일 밝혔다.  일렉트리파잉닷컴 어워즈에서는 ""전기 밴 시장에 새로운 장을 여는 모델""이라는 찬사와 함께 '올해의 밴'으로 선정됐다.  일렉트리파잉닷컴은 실사용성과 경제성을 중심으로 차량을 평가하는 전동화 모빌리티 전문 매체다. 심사위원단은 PV5의 편리한 운전성과 모듈형 플랫폼, 컨버전 용이성 등 고객 중심의 가치를 높게 평가했다.  뉴스 UK가 주관한 '2025 뉴스 UK 모터 어워즈'에서는 경제적인 운용 비용과 실용적 기능을 바탕으로 ""유럽 경상용차 시장의 혁신을 선도할 모델""이라는 평가 속에 '올해의 밴'에 선정됐다.  아울러 파커스의 '2026 파커스 밴 & 픽업 어워즈'에서도 넉넉한 주행거리, 우수한 적재 편의성, 넓은 실내 공간으로 호평받아 '올해의 밴'과 '최고의 전동화 밴' 2관왕을 차지했다.  이로써 PV5는 지난달 경상용차 업계 최고 권위의 '2026 세계 올해의 밴'을 심사위원단 전원 일치로 수상한 이래 유럽 주요 어워즈를 연이어 석권하게 됐다.  유럽은 수십 년간 다양한 브랜드가 각축해 온 경상용차의 본고장인 만큼 실사용성·경제성·내구성·안전성에 대한 요구수준이 엄격하고 진입장벽도 높은 것으로 유명하다.  따라서 PV5가 유럽 시장에 출시되자마자 '올해의 밴'과 글로벌 주요 어워즈를 석권한 것은 PV5의 우수한 안전성과 성능, 경제성이 다각도로 인정받은 것으로 보인다.  PV5는 출시 전인 지난해 영국 전문지 '왓 밴'으로부터 '주목해야 할 차'로 선정되기도 했다. 최근에는 탑기어 '올해의 패밀리카'와 왓 밴 '올해의 밴'을 잇달아 수상하는 영예를 안았다.  특히 SUV와 승용차가 아닌 밴을 '올해의 패밀리카'로 처음 선정한 탑기어는 PV5를 ""뛰어난 주행성능, 압도적인 정숙함 등 가족 고객을 타깃으로 한 세심한 설계와 명확한 방향성이 눈에 띄는 차""라고 평가했다. 향후 출시될 6·7인승과 교통약자를 위한 PV5 WAV에 대해서도 높은 기대감을 표했다.  또한 PV5 카고 모델은 '유로 NCAP 상용 밴 평가'에서 최고 등급을 획득했으며 지난 10월에는 최대 적재중량 상태에서 1회 충전 주행거리 693.38㎞를 달성해 기네스 세계 기록에 등재됐다.  김상대 기아 PBV비즈니스사업부 부사장은 ""기아의 고객 중심 경영철학과 실용성이 집중된 PV5가 전 세계에서 우수성을 입증받은 것이 자랑스럽다""며 ""앞으로 PV5의 다양한 파생 모델을 순차적으로 선보이고 고객의 목소리를 지속해서 수렴하고 반영해 모빌리티 혁신을 선도할 것""이라고 말했다.",자동차
"LG이노텍이 계기판 뒤에 탑재돼 운전자를 모니터링하는 '차세대 언더 디스플레이 카메라 모듈(이하 UDC)'을 개발했다고 18일 밝혔다. 차세대 UDC는 CES 2026서 최초로 공개한다.  UDC는 '운전자 모니터링 시스템(DMS)'을 구성하는 핵심 부품이다. 졸음운전, 전방주시 등 운전자의 상태를 실시간으로 감지하고 모니터링하는 데 쓰인다. 계기판으로 활용되는 차량용 디스플레이 뒤에 장착돼 외부에서는 보이지 않는다.  DMS는 자율주행 단계가 고도화하면서 운전자의 부주의 예방을 위한 필수 장치로 주목받고 있다. 유럽은 내년부터 신차에 DMS 의무 장착을 법제화할 예정이고, 미국·중국·일본 등 주요 국가에서도 DMS 의무화를 검토 중이다.  LG이노텍은 LG디스플레이와 손잡고 지난해부터 신제품 개발에 본격 돌입했다. 1년여에 걸친 연구개발 끝에 디스플레이 뒤에 카메라를 깔끔하게 숨기면서도 화질 저하를 없앤 '차세대 UDC'를 업계 최초로 선보인다.  '차세대 UDC'는 계기판 역할을 하는 차량 디스플레이 패널 뒤에 장착, 카메라 탑재 여부를 전혀 알 수 없을 정도로 숨겨진다. 특히 이 제품은 카메라 앞에 디스플레이 패널이 없는 상태에서 촬영한 화질과 99% 이상 동등한 수준의 화질을 보여준다.  DMS용 카메라의 성능을 좌우하는 핵심 요소는 선명한 화질이다. 운전자의 표정, 눈 깜빡임, 움직임 등을 정확히 감지해야 해서다. 다만 기존 UDC는 카메라 앞에 디스플레이 패널이 시야를 가려 일반적인 DMS용 카메라 대비 30%가량 화질이 낮은 문제가 있었다.  LG이노텍은 UDC의 고질적인 화질 저하 문제를 해결하기 위해 자체 개발한 'AI 화질 복원 소프트웨어'를 적용했다. AI 알고리즘을 통해 손상된 화질을 완벽히 복구해준다.  이번 '차세대 UDC' 개발로 LG이노텍은 차량 내·외부를 아우르는 자율주행 센싱 솔루션의 라인업을 한층 강화할 수 있게 됐다. 시장조사 전문업체 S&P 글로벌에 따르면 글로벌 차량 내부용 카메라 모듈 시장 규모는 2025년 약 18억 달러(2조6500억원)에서 2035년 약 51억달러(7조5000억원)로 연평균 11%가량 성장할 것으로 전망된다.  문혁수 LG이노텍 대표는 ""2030년까지 차량 센싱 솔루션 사업 매출을 2조원 규모로 키울 것""이라며 ""차별적 고객가치를 제공하는 혁신 부품을 지속 선보이며 고객의 비전을 함께 실현하는 신뢰받는 기술 파트너로 거듭날 것""이라고 말했다.",자동차
"일반 주차 구역에 차를 세웠다는 이유로 아파트 입주민 커뮤니티에서 욕먹었다는 경차 차주의 사연이 전해졌다.  지난 16일 온라인 커뮤니티 보배드림에는 '넓은 자리에 주차했다고 몰상식 소리 들은 경차 차주'라는 제목의 글이 올라왔다.  게시물 내용을 제보한 A씨는 ""넓은 곳에 경차를 세운 게 몰상식하다는 소리까지 들을 정도인가""라며 ""(아파트에서) 따로 경차 혜택 없고, 주차 자리가 부족한 상황도 아니다""라고 했다.  A씨는 아파트 입주민 커뮤니티 글을 캡처한 사진을 하나 첨부했다. 이를 보면 한 입주민이 ""주차 자리도 많은데 경차를 왜 일반 구역에 세우는 것이냐""며 ""몰상식한 인간들 보면 진짜 화가 난다""고 경차 차주를 비난하고 있다.  A씨는 ""경차라고 항상 좁은 자리에 주차해야 하는 건 아니라고 생각한다""며 ""다른 자리가 없었거나 큰 짐을 내려야 하는 사정이 있었을 수도 있지 않으냐""고 했다.  그러면서 ""물론 입주민들끼리 차량 크기에 맞춰 서로 배려하면 좋겠지만, 앞뒤 사정은 전혀 고려하지 않고 저렇게 공개적으로 비난하는 게 맞는 것인지 묻고 싶다""고 덧붙였다.  제보 내용을 접한 누리꾼은 갑론을박을 벌였다. 일부는 ""경차는 경차 자리에만 주차해야 한다는 법은 없다""고 옹호한 반면, 반대 의견의 네티즌은 ""웬만하면 경차는 경차 자리에 세우는 게 공동주택에서의 배려"" 등 반응을 보였다.",자동차
"LG에너지솔루션이 포드와 대규모 공급계약을 철회하자 장 초반 2차전지주들이 동반 약세를 보인다.  18일 오전 9시4분 거래소에서 LG에너지솔루션은 전 거래일 대비 2만6500원(6.38%) 하락한 38만9000원에 거래 중이다. 엘앤에프(-6.41%), 에코프로비엠(-5.07%), 포스코퓨처엠(-4.75%), 에코프로머티(-4.52%), 엔켐(-3.84%), 코스모신소재(-3.71%) 등이 약세를 보인다.  전날 LG에너지솔루션은 미국 완성차 업체 포드와 체결한 전기차 배터리 공급 계약을 해지했다고 공시했다. 거래대금은 9조6031억원으로 2023년 말 LG에너지솔루션 매출액의 28.5%에 달한다. 계약기간은 2027년 1월1일부터 2032년 12월31일까지였다.  LG에너지솔루션은 ""최근 정책 환경과 전기차 수요 전망 변화로 포드는 일부 전기차 모델 생산 중단을 결정했고 이에 따라 계약 해지를 통보했다""고 밝혔다.",자동차
"현대차그룹이 내년부터 '플러그 앤 차지'(PnC)' 충전 네트워크를 본격 확대한다고 18일 밝혔다.  PnC는 전기차에 충전 케이블을 연결하면 회원 인증부터 충전, 결제까지 모든 과정이 자동으로 진행되는 국제 표준 기술이다. 회원인증 카드나 신용카드를 요구하는 일반적인 전기차 충전과 달리 차량과 충전기 사이에 암호화 통신을 적용해 고객이 더욱 안전하고 간편한 충전 서비스를 누릴 수 있는 것이 특징이다.  현대차그룹은 국내 주요 충전 사업자 12개사와 협업해 현재 이피트(E-pit) 충전소 64곳에서 제공하는 PnC의 혁신적인 충전 경험을 더 많은 곳에서 이용할 수 있도록 할 예정이다.  내년 1분기 중 △채비 △현대엔지니어링과 협업해 기존 양사가 보유한 충전소에 PnC 기술을 적용, PnC 사용 가능 충전소를 1500곳 이상으로 늘리고 이후 나머지 10개사와도 충전 네트워크 확대를 본격화한다.  하반기에는 정부의 스마트 제어 충전기 보급 확대 정책과 연계, 통신 규격과 결제 체계 등을 검증해 완속 충전기에서도 PnC 충전이 가능하도록 할 예정이다.  현대차그룹 관계자는 ""PnC 서비스 확대는 편리한 충전 경험을 더 많은 곳에서 제공하기 위한 첫 걸음""이라며 ""정부와 협력해 충전 인프라 혁신을 위한 노력도 이어갈 것""이라고 밝혔다.",자동차
"삼성증권이 18일 LG에너지솔루션에 대한 목표주가를 기존 대비 13% 낮은 55만원으로 하향했다. 고객사 포드(Ford)가 상용차용 배터리 공급계약을 해지하면서 LG에너지솔루션의 유럽 이차전지 공장 가동률이 낮아질 것이란 이유에서다. 투자의견은 '중립'을 유지했다.  LG에너지솔루션은 지난해 10월 포드와 계약 2건을 체결, 상용차용 배터리를 공급하기로 했다. 당시 합의는 총 75기가와트시(GWh) 용량 배터리를 6년간 공급하는 계약, 32GWh 용량 배터리를 4년 3개월간 공급하는 계약으로 나뉘었다.  이 가운데 LG에너지솔루션이 지난 17일 계약해지를 공시한 대상은 75GWh 공급계약이다. 당시 계약규모는 9조6030억원으로 드러났다. 포드가 지난 16일 'F-150 라이트닝'을 단종하고 전기 트럭·밴 출시를 철회한 여파로 해석된다고 삼성증권은 설명했다.  조현렬 삼성증권 연구원은 ""LG에너지솔루션은 지난해 7월부터 80GWh 생산능력을 갖춘 유럽 공장의 낮은 가동률을 개선하기 위해 추가 수주를 총 6건 진행해 연평균 공급규모 35.9GWh를 달성했지만, 이번 해지 탓에 공급규모가 23.4GWh로 낮아졌다""고 밝혔다.  그러면서 ""해지된 계약이 2027년 1월부터 시작될 예정이었던 점을 감안하면, 현 시점에서 물량을 대체할 수 있는 신규 수주를 즉각적으로 확보하기가 쉽지 않아 2027년 유럽 공장 가동률 개선은 예상보다 지연될 게 불가피하다""고 했다.  조 연구원은 ""글로벌 완성차 업체의 전략 변화는 '중저가 세그먼트의 대상 중저가 배터리 탑재'와 '고성능·럭셔리 세그먼트의 원통형 대구경화(46시리즈)를 통한 원가 효율성 제고'로 요약할 수 있다""며 ""앞으로 전기차 수요 성장률 상향과 세그먼트 다각화가 이뤄지기 전까진 단기적으로 하이니켈 배터리의 입지 축소가 뚜렷할 것""이라고 밝혔다.  또 ""에너지저장장치(ESS)용 배터리를 미국 현지에서 생산한다는 강점을 활용한 이익 회복은 긍정적이지만, 미국과 유럽에서의 전기차 부진은 내년 상반기까지 심화할 가능성이 상존한다""고 했다.",자동차
"테슬라의 자율주행 광고가 과장됐고 광고를 시정하지 않으면 30일 동안 제조와 판매를 금지한다는 결정이 미국 캘리포니아에서 나왔다.  17일(현지시간) 미 캘리포니아주 차량관리국(DMV)에 따르면 주(州) 행정판사는 DMV가 테슬라를 상대로 제기한 소송에서 테슬라가 첨단주행보조기능(ADAS)을 설명하면서 완전자율주행 능력, 자동운항(오토파일럿)이라는 용어를 쓴 것은 허위 광고라고 판단, 테슬라의 제조·판매 면허를 30일 동안 정지하는 명령을 제안했다.  캘리포니아주 DMV는 법원의 이 같은 판단을 수용하면서 처벌을 완화해 테슬라가 광고에서 해당 용어를 시정할 기간을 60일 동안 부여하기로 했다.  테슬라는 이날 이와 관련, ""이번 결정은 '오토파일럿' 용어 사용에 관한 '소비자 보호' 명령으로 고객들은 문제를 삼지 않은 사안""이라며 ""판매에 차질이 없을 것""이라고 밝혔다.  이번 결정은 테슬라가 주행보조기능인 오토파일럿과 FSD를 광고하면서 ""아무런 조작 없이도 주행할 수 있도록 설계됐다""고 밝힌 데 대해 캘리포니아주 DMV가 2023년 11월 문제를 제기, 제조·판매 면허 중단을 요청하는 고발장을 법원에 제출한 지 2년 만에 나왔다.  테슬라는 DMV의 문제제기 이후 '완전자율주행 능력'이라는 용어를 '완전자율주행(감독 필요)'라는 용어로 수정하고 이 같은 기능을 이용할 때 운전자의 주시·감독이 필요하다고 명시했다.  블룸버그 통신과 CNBC 등 미국 언론은 ""테슬라가 오토파일럿에 대한 기만적인 마케팅으로 캘리포니아에서 판매 중단 위기에 직면했다""고 전했다.  테슬라는 캘리포니아주 샌프란시스코 베이 지역에서 연간 65만대 이상의 생산 능력을 갖춘 전기차 제조 공장을 운영하고 있다.  미국 현지 언론들은 캘리포니아 북부 지방법원에서 테슬라의 자율주행기능 과장광고에 대한 소비자들의 집단소송도 진행 중이라고 전했다.",자동차
"그룹 재무통으로 알려진 서강현 현대제철 사장(사진)이 현대자동차그룹으로 복귀한다. 후임에는 이보룡 현대제철 부사장이 내정됐다. 현대차그룹은 이런 내용을 포함한 정기임원 인사를 18일 실시한다. R&D(연구·개발), 생산, SDV(소프트웨어중심자동차) 조직 수장이 교체되는 등 인사개편과 조직정비가 이뤄질 전망이다.  17일 재계에 따르면 현대차그룹은 18일로 예정된 인사에서 서 사장을 현대차그룹으로 다시 불러 그룹의 총괄 컨트롤타워 역할을 하는 기획조정업무를 맡길 것으로 알려졌다. 기존 기획조정 담당을 겸직한 장재훈 부회장은 완성차 담당업무에 주력한다.  서 사장은 현대차그룹 내 대표적 재무전문가로 서울대 국제경제학과를 졸업한 뒤 2013년 경영관리실장(이사대우)이 됐다. 이후 현대차 회계관리실장(상무) 재경본부장(전무) 기획재경본부장(부사장)을 거쳐 2023년부터 현대제철 사장을 맡아왔다.  현대차그룹은 현재 기획조정본부에서 그룹 전체 사업의 밑그림을 그리고 인사·재무·투자 등을 맡는데 서 사장이 이 업무를 책임진다. 기획조정실이 신설될지 여부는 명확하지 않다. 기획조정실이 생긴다면 현대차·기아 중심이던 기획조정본부의 범위를 더 확대해 그룹 계열사 전반을 담당할 것으로 관측된다.  서 사장의 후임은 이보룡 현대제철 생산본부장(부사장)이 맡게 된다. 이 부사장은 냉연·생산기술·R&D를 두루 거친 철강전문가다. 미국 루이지애나 전기로 제철소 건설 등 대규모 대미투자를 앞둔 상황에서 철강사업 이해도가 높은 인물을 내세운 것으로 풀이된다. 현대제철은 최근 루이지애나 제철소 건설에 총 58억달러를 투자하기로 했다.  이번 인사는 결국 서 사장 취임 이후 현대제철의 해외사업이 어느 정도 안정된 만큼 서 사장을 다시 현대차그룹으로 불러들여 그룹 전반의 사업관리를 맡겨 수익성을 강화하려는 조치로 풀이된다.  현대차그룹은 사장단 인사를 통해 R&D, 생산, SDV 조직 수장을 교체해 조직쇄신에 나설 전망이다.  양희원 현대차 연구개발본부장이 퇴임하고 만프레드 하러 현대차 연구개발본부 차량개발담당 부사장이 사장으로 승진하는데 하러 부사장은 아우디·BMW·포르쉐 등에서 25년간 섀시, 전장, 소프트웨어 개발을 이끈 인물이다. 현대차에 합류한 이후에는 'GV60 마그마' 등 제네시스 고성능 라인업 개발을 주도했다.  최근 자리에서 물러난 송창현 첨단차량플랫폼(AVP)본부장(사장) 겸 글로벌 소프트웨어센터 포티투닷 대표의 후임 인사도 관심을 모은다. 그룹의 핵심 미래기술인 SDV 개발을 이끌어야 하는 만큼 해당 업계의 전문가를 외부에서 영입한다는 설도 나온다.  그룹의 싱크탱크 역할을 하는 HMG경영연구원도 수장이 바뀐다. 김견 HMG경영연구원장(부사장)이 용퇴를 결정했고 후임으로는 신용석 미국 세인트루이스워싱턴대 교수가 거론된다. 신 교수는 2011년 노벨경제학상 수상자인 토머스 사전트 교수의 제자로 글로벌 거시경제와 산업분석에 강점을 지녔다.",자동차
"""오스코텍에게 'ADEL-Y01' 기술이전은 터닝 포인트입니다. 이번 경사는 끝이 아니라 시작입니다. 오스코텍은 2030년 이전에는 최소 3건 이상의 글로벌 기술이전, 최소 2개 이상의 신규 과제가 새로운 임상에 진입하는 것을 목표로 하고 있습니다.""  윤태영 오스코텍 대표는 18일 서울 여의도에서 열린 '오스코텍 ADEL-01 기술이전 설명회'에서 이와 같이 말했다. 이번 설명회는 지난 16일 이뤄진 사노피와 아델이 체결한 알츠하이머병 치료제 파이프라인(신약후보물질) 'ADEL-Y01' 기술이전 계약의 의미와 향후 오스코텍의 계획을 소개하기 위해 마련됐다.  ADEL-Y01은 오스코텍과 아델이 공동 연구개발한 파이프라인이다. 사노피가 양자 계약을 요구하면서 계약은 아델이 단독으로 체결했지만 오스코텍은 아델과 2020년 맺은 공동개발 계약에 따라 해당 공동개발로부터 발생하는 모든 수익을 47대 53 비율로 나눠 갖는다. 이번 기술이전 계약의 규모는 선급금(업프론트) 8000만달러(약 1180억원)을 포함해 최대 10억4000만달러(약 1조5300억원)다.  윤 대표는 ""오스코텍으로서는 레이저티닙의 뒤를 이어 글로벌 블록버스터가 될 수 있는 잠재력 높은 딜(거래)를 하게 됐다""며 ""ADEL-Y01이 계열 내 최고(베스트 인 클래스)이자 계열 내 최초(퍼스트 인 클래스)로 허가를 받으면 2037년 30조원 규모 정도로 성장할 타우 항체 시장의 상당한 부분을 가져올 수 있지 않을까 희망적으로 기대한다""고 말했다.  이번 기술이전은 유한양행과의 오픈 이노베이션으로 '렉라자 신화'를 쓴 오스코텍이 또 한 번 오픈 이노베이션으로 낸 성과란 점도 특징이다. 윤 대표는 이를 기회를 포착할 수 있는 '선구안'과 과감한 결단으로 행한 '도전', 역량이 축적되며 생긴 '저력'이 한 데 모인 결과로 풀이했다.  그는 ""당시 아델은 신약개발을 한 번도 해보지 않은 회사여서 전임상, 임상 개발 경험도 없었고 어떤 식으로 사업개발을 해야 할지도 사실 잘 모르는 상황의 회사였다""며 ""저희들의 라이센싱 경험과 개발 경험 등이 아델이 만들어 낸 좋은 물질과 같이 어우러져서 이런 좋은 결과에 이르렀다""고 말했다.  윤 대표는 결국 사노피란 글로벌 빅파마에 기술이전할 수 있었던 건 ADEL-Y01이 정말 좋은 물질이었기 때문이었단 점을 강조했다. 그러면서 이 물질이 '계열 내 최초'(퍼스트 인 클래스) 약물이자 '계열 내 최고'(베스트 인 클래스)가 될 것이란 자신감을 드러냈다. 이 파이프라인은 현재 시장에 나와 있는 알츠하이머병 항체 신약들이 모두 아밀로이드를 타깃으로 하는 것과 달리 타우를 타깃으로 한다.  그는 ""타우 응집체는 신경망을 따라서 신경세포에 퍼지는데 ADEL-Y01은 그렇게 뉴런이 전염되는 과정에서 타우 응집체가 세포 밖으로 나올 때 다음 세포에 전달되지 않도록 하는 개념으로 개발됐다""며 ""실험실의 세포 수준에서 실험을 해봤을 때 ADEL-Y01은 경쟁사 물질에 비해 훨씬 더 강하게 타우 응집을 저해하는 것을 확인할 수 있었다""고 말했다.  이번 기술이전을 통해 얻은 수익 대부분이 투입될 연구개발(R&D)에 대한 구체적인 비전도 제시했다. 회사는 2030년까지 현재 공개돼 있는 'OCT-598', 'OCT-648' 외에도 최소한 2개 이상의 과제를 임상에 진입시키는 것을 목표로 한다. 항체, 짧은 간섭 리보핵산(siRNA) 등 새로운 모달리티 개발에 대한 검토도 계획 중이다.  윤 대표는 ""사실 수면 위로 나와 있는 부분은 굉장히 작고 눈에 안 보이는 수면 아래에 훨씬 큰 부분이 잡혀 있다""며 ""현재 플랫폼 기술로 항내성 항암제 관련 기반 기술을 만들고 있고, 그걸 위해 혁신적인 스크리닝 기술 등을 연구하고 있어 향후 5년 내에 상용화할 것""이라고 밝혔다.",헬스케어
"[이 기사에 나온 스타트업에 대한 보다 다양한 기업정보는 유니콘팩토리 빅데이터 플랫폼 '데이터랩'에서 볼 수 있습니다.]   인간 유도만능줄기세포(hiPSC) 및 오가노이드 전문 기업 넥셀(NEXEL)이 미국발 규제 완화 훈풍을 타고 글로벌 동물대체시험 시장 공략에 속도를 낸다.  넥셀은 미국 상원을 만장일치로 통과한 'FDA(식품의약국) 현대화법 3.0(FDA Modernization Act 3.0)'과 전 세계적인 동물 실험 축소 흐름에 힘입어 자사의 hiPSC 기반 검증 플랫폼 수요가 급증하고 있다고 18일 밝혔다.  최근 통과된 FDA 현대화법 3.0은 미국 FDA 규정 전반에서 '동물 실험(Animal Test)'이라는 용어를 '비임상 시험(Nonclinical Test)'으로 대체하는 것을 골자로 한다. 이는 2022년 동물 실험 의무화를 폐지한 2.0 버전에서 한발 더 나아가, 오가노이드나 장기칩, hiPSC 모델 등 인간 중심 비임상 기술을 전통적 동물 모델과 동등하거나 그 이상으로 인정하겠다는 명확한 제도적 신호로 해석된다.  여기에 미국 질병통제예방센터(CDC)가 2025년 말까지 영장류 연구를 종료하겠다고 발표하면서 제약·바이오 업계의 '탈(脫) 동물 실험'은 거스를 수 없는 대세가 됐다.  회사 관계자는 ""실제로 동물 실험 기반 신약의 임상 실패율이 90% 이상에 달하는 현실에서, 인간 생리 반응을 보다 정밀하게 반영할 수 있는 hiPSC 기반 플랫폼에 대한 수요는 빠르게 증가하고 있다""고 말했다.  넥셀은 이러한 시장 변화의 최대 수혜 기업으로 꼽힌다. 넥셀이 보유한 hiPSC 기반 심근·간세포 및 오가노이드 기술은 동물 모델보다 인간의 생리 반응을 훨씬 정밀하게 예측할 수 있다. 이는 신약 개발 초기 단계에서 독성 리스크를 조기에 차단하고 임상 성공 확률을 향상시킬 수 있다.  실제로 넥셀은 이러한 기술력을 바탕으로 글로벌 생명자원 기관, 다국적 제약사, 바이오뱅크들과 △표준화된 세포·오가노이드 모델 공급 △특정 질환 모델 공동 개발 등 구체적인 협력을 추진 중이다. 동물 실험의 대안을 찾는 글로벌 빅파마들에게 넥셀의 검증된 플랫폼이 가장 현실적이고 효율적인 대안으로 떠오른 것이다.  넥셀 관계자는 ""FDA 현대화법 3.0은 우리 기술의 과학적 가치가 상업적 성과로 연결되는 결정적 계기""라며 ""글로벌 파트너들과의 협력을 통해 실질적인 매출 성장과 함께, 동물대체 시대를 선도하는 기업으로 성장하겠다""고 말했다.  [머니투데이 스타트업 미디어 플랫폼 유니콘팩토리]",헬스케어
"한의약 난임치료와 관련해 '의사 출신' 정은경 보건복지부 장관의 발언을 규탄하는 한의계의 목소리가 줄줄이 쏟아졌다.  전날(17일) 성명을 낸 대한한의사협회(한의협)에 이어 한의협 대의원총회, 전국 시도지부장 일동, 대한여한의사회, 클린-K특별위원회, 부산·경기도한의사회 및 대한한방부인과학회 등은 18일 성명서를 내고 정 장관의 공식적인 사과와 국가적 차원의 한의약 난임치료 지원 및 공공지원체계 마련을 촉구했다.  앞서 16일 세종컨벤션센터에서 열린 보건복지부, 식품의약품안전처, 질병관리청 업무보고에서 이재명 대통령은 ""(한의학 난임 시술도) 보험처리가 되느냐. 국가 지원이 있느냐"" 물었고, 정은경 장관은 ""(한방 난임 치료 효과를) 객관적으로, 과학적으로 입증하기가 쉽지 않아서 누구나 인정할 수 있는 효과를 (한의계가) 보여주시는 게 필요할 것 같다""고 답했다. 현재 한방 난암 치료는 비급여인데, 의사 출신의 정은경 복지부 장관이 사실상 난색을 보인 것이란 해석이 지배적이다.  이를 두고 한의협 대의원총회는 성명서에서 ""정은경 장관의 발언은 한의약의 과학적 효과를 폄훼하는 것이며, 복지부가 주도한 연구를 스스로 부정하는 것""이라며 ""한의약 난임치료사업이 국제적 기준에 맞춘 표준임상진료지침(CPG)에 의해 과학적으로 입증됐다""고 강조했다.  전국시도지부장협의회도 성명서를 내고 ""정 장관의 발언은 난임부부의 의료 선택권을 침해하는 것""이라며 ""한의약 난임치료는 이미 다수의 난임부부에 의해 선택받고 있어 정부의 적극적인 지원이 필요하다""고 주장했다.  대한여한의사회는 ""한의 난임치료는 이미 임상에서 많은 성과를 거둔 치료법""이라며 ""한의약 난임치료의 효과성을 확인하기 위한 국가 주도의 연구를 즉각 시행하고, 효과가 입증되면 건강보험 등 공공 지원체계 내로 편입해야 한다""고 밝혔다.  또 10년 이상 한의난임사업을 전개해 온 부산광역시한의사회와 경기도한의사회도 지난 9월 보건복지부와 한국한의약진흥원 주도로 개최된 '2025 한의난임사업 성과대회'에서 전국 지자체별 한의 난임사업의 성과 공유와 우수 사례 및 유공자에 대한 표창이 이뤄졌다고 지적하며 ""이는 복지부 차원에서 한의약 난임치료의 성과와 확산 필요성을 인정해 온 명백한 증거""라고 언급했다.  대한한방부인과학회도 성과대회에서 환자들이 '다시 아이를 꿈꿀 수 있게 됐다'고 말한 점을 들어 ""여러 지자체 차원에서 추진됐던 한의난임 지원사업이 적은 예산과 제한된 여건 속에서도 의미 있는 임상적 성과와 높은 환자 만족도를 축적해 왔다""고 말했다.  그러면서 ""초저출산이라는 국가적 위기 상황에 대한 현 정부의 정책 논의 과정에서 한의난임사업의 성과와 이에 대한 근거들이 충분히 반영되지 못하고 있는 현실에 대해 깊은 유감을 표한다""고 토로했다.  이들은 △정은경 장관의 한의약 난임치료에 대한 부적절한 발언 철회와 공식 사과 △국가 예산 활용한 보건복지부의 한의약 난임치료 효과성 연구 시행 △중앙정부 차원의 한의약 난임치료 지원사업 제도화 및 건강보험 적용을 포함한 공공 지원체계 마련 등을 적극적으로 추진해 줄 것을 공동 요청했다.",헬스케어
"셀트리온이 최근 셀트리온 소액주주 비상대책 위원회(이하 비대위)가 제기한 임시주주총회 소집청구와 관련해 법적 요건이 충족되지 않아 소집 절차를 진행하기 어렵단 입장을 밝혔다.  18일 셀트리온은 공식 홈페이지를 통해 임시주주총회 소집 청구에 대한 회사의 공식 입장과 현재 진행 상황을 설명했다. 이에 따르면 셀트리온은 지난 2일 비대위 대표자 등과 면담을 진행했다. 비대위는 최근 △자본금의 감소의 건(자기주식 소각) △이사 해임의 건 △정관 변경의 건을 비롯해 권고적 주주 제안을 목적 사항으로 하는 임시주주총회 소집을 요청한 바 있다.  셀트리온은 해당 면담에서 ""적법한 소집청구에 대해서는 지체 없이 임시주주총회 소집 절차를 진행할 의사가 있다는 점""과 ""해당 요청 건 소집 청구는 관련 법령 및 판례에 따라 요구되는 기본적인 증빙 서류를 갖추지 못해 법적 요건을 충족하지 못하는 점""을 모두 충분히 설명했다고 밝혔다.  상법에 따르면 상장사의 임시 주주총회 소집을 청구하려면 발행주식 총수의 3% 이상의 주식을 보유하거나 회사에 청구한 날을 기준으로 1.5% 이상 주식을 6개월 이상 계속 보유해야 한다. 또한 해당 요건을 객관적으로 증명하기 위해선 한국예탁결제원이 발행한 소유자증명서 등 입증 서류를 갖춰야 한다.  셀트리온은 비대위 측이 발행주식총수의 1.71% 상당 주주들의 위임을 받았다고 주장하고 있으나 그에 대한 증빙서류로 제출된 자료만으로는 해당 주주들이 현재까지 '6개월 이상 계속 보유' 요건을 충족하고 있는지 확인할 수 없었단 입장이다.  셀트리온은 ""회사는 면담 전후로 비대위 측에 소유자증명서 등 법적 요건 충족 여부를 확인할 수 있는 자료 제출을 지속적으로 요청해 왔으나, 임시주주총회 소집허가 신청서 부본을 송달 받은 당일까지도 별도 증빙서류를 전달받지 못한 상황""이라며 ""회사가 합리적인 이유 없이 본건 소집청구를 거부하고 주주님들의 의사를 존중하지 않았다는 비대위의 입장은 사실과 다르다""고 밝혔다.  그러면서 ""임시주주총회 소집 청구에 따른 검토 및 의사결정 과정은 모든 주주님들의 권익과 직결되는 사안인 만큼 적법절차에 따라 공정하고 투명하게 진행해야 한다""며 ""법원에 제기된 임시주주총회 소집청구에 대해서도 법과 원칙에 따라 성실히 임할 것이고, 만약 비대위 측에서 기본적인 증빙서류를 보완할 경우 지체 없이 임시주주총회 소집 절차를 진행할 계획""이라고 덧붙였다.",헬스케어
"국내 암환자수와 암사망자수가 늘어나고 있지만 2001년 인구 10만명당 246.2명이었던 암사망률은 2023년 147.6명으로 40% 줄었다. 고령화로 암 사망자의 절대적 규모는 늘었지만 조기진단과 암 치료기술이 발달했기 때문이란 분석이다.  18일 대한암학회(이하, 암학회)가 서울 소공동 롯데호텔에서 개최한 '암 연구 동향 보고서 2025'(이하, 보고서) 발간 기념 기자간담회'에서 박도중 발간위원장(서울대병원 위장관외과 교수)은 ""고령 인구가 많아지면서 암 사망자 수의 절대적 규모는 늘었지만, 암 정복을 위한 정부와 의료계의 노력으로 암 사망률은 감소 추세""라고 밝혔다.  암학회가 2023년에 이어 두 번째로 발간한 이번 보고서는 국내 암 연구 전문가 22명이 △공중보건연구 △기초연구 △임상연구 △응용개발(마켓) 등 총 4개 분야의 국내외 암 연구 동향을 분석해 집필했다. 이 보고서에 따르면 국내 암 사망자 수는 2001년 5만9288명에서 2023년 8만5271명으로 늘었다. 특히 2023년 암 사망자 수는 전체 사망자(35만2511명)의 24%로, 사망원인 2위를 차지한 심장질환보다 2배 이상 높았다. 고령 인구가 많아지면서 암 환자 수, 암 사망자 수도 증가한 건데, 같은 기간 '암 사망률'은 인구 10만명당 246.2명에서 147.6명으로 오히려 40% 줄었다.  특히 국내 암환자의 5년 상대생존율은 2000년 46.5%에서 2018년 71.7%로 향상했다. 이러한 성과는 '발생대비 사망비'(M/I ratio, Mortality/Incidence ratio) 지표를 통해 알 수 있는데, 우리나라는 △위암 △대장암 △유방암의 발생대비 사망비가 세계에서 가장 낮은 것으로 나타났다. 이 지표는 암 발생 환자 가운데 얼마나 많은 환자가 생존으로 이어졌는지를 간접적으로 보여주는데, 값이 낮을수록 생존율이 높음을 뜻한다.  이번 보고서 발간위원회 실무 책임자인 박도중 발간위원장(서울대병원 위장관외과 교수)은 ""우리나라 암 환자의 발생대비 사망비가 낮은 건 국가암검진을 통한 조기 진단과 의료 현장의 우수한 치료 성과 덕분에 암이 많이 발생하더라도 사망으로 이어질 확률이 낮기 때문""이라고 분석했다. 이어 ""학계의 지속적인 연구와 정부의 지원, 국민의 적극적인 암검진 참여 등 여러 노력이 합쳐진 결과, 암 생존율이 높은 것""이라고 설명했다.  이런 높은 암 치료 성적을 이어가려면 임상시험 수준도 뒷받침해야 하는데, 2024년 우리나라는 '임상시험 수행국가' 세계 6위에 이름을 올렸다. 단, 임상시험의 70% 이상이 '의뢰자(제약사 등) 주도'였고, 연구자 주도의 암 임상시험은 29.3%에 그쳤다. 박도중 발간위원장은 ""연구자 주도의 항암제 임상시험을 활성화하고 독립적인 연구 환경을 조성하기 위한 제도 개선, 재정 지원이 필요하다""고 주장했다.  이런 상황에서 중국이 암 임상시험에 적극적으로 뛰어들며 한국을 위협하고 있다. 한국의 암 임상시험 건수는 2020년 323건에서 2024년 215건으로 줄었고, 미국도 같은 기간 2651건에서 2030건으로 줄었다. 반면 중국은 1394건에서 2201건으로 크게 늘었다.  앞서 중국 정부는 과학기술부 주도하에 2022년 '국가 중점 연구개발 프로젝트'에 착수했는데, 생명과학 분야 예산(53억5000만위안) 가운데 47%(25억3000만위안, 한화 약 5000억원)을 암 연구 프로젝트 4개에 배정했다. 이는 중국 정부가 암 연구를 국가 우선순위로 두고 적극적으로 투자하고 있음을 시사한다. 박도중 발간위원장은 ""중국은 한국보다 임상시험 대상자(암 환자)가 압도적으로 많고, 임상시험 진입이 수월한 데다, 중국에서 개발한 신약을 수출하기 전, 자국민에게 널리 활용할 수 있다는 점에서 한국에게 위협적일 수 있다""고 분석했다.  이번 보고서엔 '소아·청소년 암'을 스페셜 이슈(Special Issue)로 선정해 수록했다. 소아·청소년 암의 국내 역학, 연구·치료 발전 현황 등에 대한 전문가 분석을 통해 소아·청소년 암 분야의 과제와 사회적 지원 체계 구축의 필요성을 강조했다.  최근 급부상한 인공지능(AI) 기반 암 진단 시장 데이터도 보고서에 실렸다. 관련 세계 시장 규모는 2024년 2억6800만달러에서 2028년 6억5600만달러까지 성장할 전망이다. 한상욱 대한암학회 회장은 ""우리나라는 연구자와 정부, 국민의 노력이 더해져 세계 최고의 의료 수준과 암 연구 역량을 갖추게 됐지만, 여전히 암으로 고통받는 사람이 많다""며 ""암 정복이라는 궁극적인 목표를 위해 앞으로도 암학회가 중심이 돼 산·학·연·관의 긴밀한 협력을 이끌겠다""고 포부를 밝혔다.  이번 보고서는 오는 22일 대한암학회 홈페이지에 파일 형식으로 게시되며, 누구나 무료로 다운받을 수 있다.",헬스케어
"리비오젠(대표 이준형)이 피부 검체를 기반으로 반려동물의 질환을 예측하는 기술에 대해 국제 특허(PCT) 출원을 완료했다고 18일 밝혔다.  이번 특허는 '반려동물의 피부 검체에 기초해 피부 질환, 장 질환 및 구강 질환을 예측하는 반려동물용 종합 건강 검사 방법'으로, 리비오젠은 지난 8월 국내 특허를 출원한 데 이어 최근 PCT 출원을 마쳤다.  해당 기술은 기존 단일 부위 검사에 그치지 않고 피부 검체에서 얻은 생물학적 정보(마이크로바이옴 데이터 등)를 분석, 전신 건강 상태를 통합적으로 예측하도록 설계된 것이 특징이다. 피부·장·구강 등 서로 연관된 질환의 위험 신호를 조기에 파악할 수 있다.  리비오젠은 이번 특허 기술을 기반으로 반려동물 종합 건강 검사 플랫폼을 단계적으로 확장할 계획이다. 현재 상용화된 '도그시그널(DOGsignal)' 구강 마이크로바이옴 검사 기술과 연계, 피부·장·구강을 아우르는 통합 검사 서비스로 발전시키고 반려동물의 건강 변화를 장기적으로 추적·관리하는 솔루션을 구축할 예정이다.  아울러 PCT 출원을 발판으로 해외 시장 진출과 글로벌 파트너십 확대도 추진한다. 현지 규제에 대응한 검사 서비스 고도화와 함께 글로벌 반려동물 헬스케어 시장에서의 경쟁력 강화에 나선다는 방침이다.  리비오젠 관계자는 ""이번 출원 기술은 반려동물의 건강을 단일 증상이 아닌 서로 연결된 생물학적 시스템으로 바라보는 접근이라는 점에서 의미가 있다""며 ""질환을 사후 진단하는 데 그치지 않고 데이터 기반으로 질병 위험을 예측·관리하는 반려동물 헬스케어 표준을 만들어 가겠다""고 말했다.",헬스케어
"CTC(순환종양세포, Circulating Tumor Cell) 진단·분석 전문기업 씨티셀즈와 제약·바이오 컨설팅기업 디자인바이제이가 CTC 기반 정밀진단 및 전임상 모델개발을 포함한 전략적 사업 협력을 위해 업무협약을 17일 체결했다고 밝혔다.  이번 협약은 CTC 기반 액체생검(Liquid Biopsy) 기술의 사업화 고도화는 물론, CTC 유래 종양 모델을 활용한 전임상 연구 확장을 목표로 추진됐다. 양사는 진단-전임상-신약개발로 이어지는 연계 전략을 통해 CTC 기술의 활용 범위를 단계적으로 확대해 나갈 계획이다.  씨티셀즈는 독자적인 CTC 분리·분석 기술을 바탕으로 암 진단, 예후 예측, 치료 반응 모니터링 등 정밀의료 분야에서 경쟁력을 갖춘 진단 플랫폼 기업이다. 특히 혈액 기반 최소침습 진단 기술을 통해 임상 현장에서의 활용 가능성을 지속적으로 넓히고 있다.  디자인바이제이는 제약·바이오 및 헬스케어 분야에 특화된 하이엔드 사업개발(BD)·전략 컨설팅 기업으로, 기술사업화, 시장 진입 전략, 글로벌 파트너링 및 라이선싱 자문을 수행하고 있다.  정보영 디자인바이제이 대표는 클리노믹스, 싸이토젠 등에서 사업개발(BD)을 담당하며, 액체생검 및 CTC 기반 기술의 사업화와 파트너링을 주도한 경험을 보유하고 있다. 자가면역·난치질환 분야 특화 비임상 CRO인 프리클리나의 사업개발 총괄(CBO)을 겸직하고 있어 이번 협약에서 CTC 기반 PDX(Patient-Derived Xenograft) 마우스 모델 개발 및 전임상 적용 전략을 실질적으로 연결할 수 있는 가교 역할을 수행할 것으로 기대된다.  양사는 이번 MOU를 통해 △ CTC 기반 진단·분석 기술의 사업성 평가 및 시장 포지셔닝 전략 수립 △CTC 유래 종양 세포를 활용한 PDX 마우스 모델 개발 가능성 검토 △전임상 효능 평가와 정밀진단 기술을 연계한 공동 연구 및 사업 협력 △제약사·연구기관 대상 국내외 파트너링 및 투자 유치(IR) 전략 자문 등에서 긴밀히 협력할 예정이다.  씨티셀즈 관계자는 ""CTC 기술의 임상적 가치뿐 아니라 전임상 및 신약개발 단계로의 확장 가능성까지 함께 고민할 수 있는 파트너십""이라며 ""정밀진단과 전임상을 잇는 새로운 사업 모델을 만들어갈 수 있을 것으로 기대한다""고 밝혔다. 정 대표는 ""CTC는 진단을 넘어 신약개발까지 확장 가능한 핵심 기술 자산""이라며 ""클리노믹스와 싸이토젠에서의 CTC 사업개발 경험, 그리고 프리클리나의 전임상 역량을 유기적으로 연결해 씨티셀즈 기술이 연구·임상·사업 전반에서 실질적인 가치로 이어질 수 있도록 전략적 파트너 역할을 수행하겠다""고 말했다.  양사는 이번 협약을 시작으로 CTC 기반 정밀진단 기술과 전임상 모델을 연계한 중장기 사업화 로드맵을 수립하고, 단계적인 협업을 통해 가시적인 성과를 도출해 나갈 계획이다.",헬스케어
"(주)에버파인(everpine) 이 12월 7일부터 9일까지 중국 지린성 창춘에서 열린 '2025 중국창춘국제의약건강산업박람회(中??春????健康??博??)' 한국관에 참가했다고 밝혔다. 에버파인은 치매예방 퍼즐 콘텐츠 '기억퍼즐 365'의 중국 현지 도입 논의를 대량 공급(3,000세트 이상) 수준의 구매 협상 단계로 확대하는 성과를 거뒀다고 밝혔다.   이번 성과는 KOTRA 지원을 기반으로 이뤄졌다. 특히 KOTRA 창춘무역관 고성호 관장의 적극적인 현지 네트워크 연계와 매칭 지원을 통해 중국 내 치매 예방 및 시니어 의료·돌봄 분야 주요 기관과의 실질 협의가 다수 성사됐다.  에버파인은 전시 기간 동안 창춘 런다 의료·돌봄 센터, 창춘 후이에 양로돌봄 센터, 연변 성수룡산 국제 강양신성 등 주요 기관과 협의를 진행했다. 논의 범위는 △시범 운영(테스트베드) △현장 피드백 반영 △대량 공급 및 정기 공급 모델 확장 등 단계적 도입 로드맵까지 확대됐다. 일부 기관과는 최소 3,000세트 이상 판매를 전제로 한 구매 협상도 시작됐다.  이번 박람회는 연변미래문화발전유한회사와 공동 참여해 현지 커뮤니케이션 및 실무 대응력을 강화했다. 또한 대전콘텐츠기업지원센터 콘텐츠산업육성팀과 협력해 제품 자료 정리, 현장 제안 포인트, 활용 시나리오 등을 체계적으로 준비하며 현장 설득력을 높였다.  전윤용 대표는 ""KOTRA의 지원으로 한국관에 참가할 수 있었고, 적극적인 현지 매칭이 중국 의료·돌봄 기관들과의 실질 미팅으로 이어졌다""며 ""지원기관들과의 준비와 네트워크가 실제 성과로 연결될 수 있도록 후속 협상과 계약까지 빠르게 추진하겠다""고 강조했다.  에버파인은 이번 성과를 바탕으로 중국 내 의료·돌봄 기관 환경에 맞춘 도입 모델을 구체화하고, 시범 운영 및 공급 조건을 확정해 실질적인 계약 및 납품으로 이어간다는 계획이다. 또한 현지 파트너십을 강화해 운영·유통·프로그램 적용까지 포함하는 협력 체계를 구축, 한국에서 검증된 시니어 인지훈련 콘텐츠를 중국 현장에 안정적으로 확산시키겠다는 전략이다.",헬스케어
"진원생명과학이 개발한 흡인(Suction) 기반 피내 DNA(유전자) 백신 접종 기술(Gene-Derm) 관련 논문을 국제 전문 학술지인 '더 저널 오프 제네 메디신'(The Journal of Gene Medicine) 최신호에 게재됐다고 18일 밝혔다.  이번에 게재된 논문 제목은 '기계적 자극에 의해 DNA가 세포로 전달되는 과정에서 CLIC/GEEC(Clathrin-Independent Carriers/GPI-AP Enriched Endocytic Compartments) 세포 유입 경로의 역할'(The Role of the CLIC/GEEC Endocytic Pathway for Mechanophysical Transfection of DNA)로, 진원생명과학의 최고의학책임자(CMO)인 조엘 매슬로(Joel N. Maslow) 박사가 주도적으로 참여해 미국 럿거스 대학교(Rutgers University) 하오 린(Hao Lin) 교수 연구팀과 공동으로 연구를 진행했다.  해당 논문은 흡인이나 전기천공과 같은 기계적·물리적 자극에 의해 DNA가 세포 내로 전달되는 과정에서 'CLIC/GEEC'로 불리는 클라트린 비의존적 엔도사이토시스 경로가 주요하게 관여할 가능성을 기존 연구 결과와 문헌을 바탕으로 종합적으로 제시했다.  기존 DNA 백신 접종 방식으로 널리 사용되어 온 전기천공법(Electroporation)은 세포막에 전기적 자극을 가해 DNA 유입을 유도하는 방식으로, 효율은 높으나 통증 및 시술 부담이 단점으로 지적됐다. 이에 비해 진원생명과학이 개발한 흡인 기반 접종 방식은 피부 조직에 순간적인 음압을 가했다가 해제하는 방식으로, 전기적 자극 없이도 효율적인 DNA 전달이 가능하다는 점에서 차별화된 접근이란 것이 회사의 설명이다.  논문에 따르면 피부에 가해진 흡인 자극이 풀리는 순간에 세포는 원래 상태로 돌아가기 위해 외부 물질을 적극적으로 받아들이는 반응을 보인다. 이 과정에서 CLIC/GEEC로 불리는 세포 유입 경로가 활성화될 가능성이 높으며, DNA 백신이 세포 안으로 효율적으로 들어가는 원리를 설명할 수 있는 주요 메커니즘으로 제시된다.  또한 CLIC/GEEC 경로는 다른 유입 방식과 달리 세포 안에서 DNA가 빠르게 분해되는 경로를 상대적으로 덜 거칠 수 있어 DNA가 세포 내에 더 오래 머물며 항원 단백질을 만들어내는 데 유리할 수 있는 특징을 가졌다는 설명이다.  진원생명과학은 실제로 코로나19 DNA 백신(GLS-5310) 임상 연구에서 흡인식 피내 접종기를 사용한 경우, 전기천공법이나 무바늘 제트 주사기 방식과 비교해 동등 이상의 항체 반응과 함께 유의미하게 높은 T세포 면역반응을 유도한 바 있다. 이번 논문은 이러한 임상 결과를 세포·분자 수준에서 가장 설득력 있게 설명할 수 있는 기전적 프레임을 제시했다는 점에서 의미가 있다.  진원생명과학 관계자는 ""이번 논문은 흡인 기반 DNA 백신 접종 기술의 임상적 유효성을 뒷받침할 수 있는 과학적 근거를 체계적으로 정리한 연구라는 점에서 의미가 크다""며 ""향후 Gene-Derm을 활용한 감염병 백신 및 개인 맞춤형 항암 DNA 백신 개발 과정에서, 접종 방식의 작용 원리를 설명하는 중요한 근거 자료로 활용될 수 있을 것""이라고 말했다.  한편 더 저널 오프 제네 메디신은 유전자 치료 및 유전자 전달(gene delivery) 분야에 특화된 국제 학술지로 해당 분야 연구자와 기술 개발자들 사이에서 인지도가 높다. 진원생명과학은 미국 자회사 VGXI를 통해 플라스미드 DNA 및 mRNA(리보핵산) 의약품의 임상용 및 상업용 규모 cGMP 생산 역량을 보유하고 있으며 이번에 정리된 접종 기전 연구를 바탕으로 핵산 기반 의약품 개발 경쟁력을 지속적으로 강화해 나갈 계획이다.",헬스케어
"에스티큐브는 소화기암 분야 세계 최대 규모 학회인 'ASCO GI'(미국임상종양학회 소화기암 심포지엄)에 넬마스토바트의 전이성 대장암 임상 1b상 분석 결과와 BTN1A1 기반 환자선별 바이오마커 연구 초록이 공식 채택됐다고 18일 밝혔다. ASCO GI는 다음달 8~10일(현지 시각) 미국 샌프란시스코에서 열린다.  이번 발표에서는 전이성 대장암 임상 1b상에서 확보된 BTN1A1 발현과 치료 반응의 주요 데이터를 바탕으로 바이오마커 기반 2상 임상 전략의 타당성과 개발 가치에 대해 소개한다.  1b상 결과를 토대로 BTNA1의 발현뿐 아니라 PD-L1, CD8, Ki-67, SLFN11, CK, YAP1 등 다양한 종양·면역 관련 바이오마커와의 연관성을 함께 평가해, BTN1A1 기반 환자선별 전략의 생물학적 근거를 강화했다.  에스티큐브는 넬마스토바트를 트리플루리딘-티피라실(TAS-102) 및 베바시주맙과 병용하는 전이성 대장암 임상 1b/2상을 진행 중이다. 1b상은 BTN1A1 스크리닝 없이 전체 환자(all-comer)를 대상으로 수행됐으며, 분석 결과 6명 중 5명(83%)에서 BTN1A1 고발현(TPS≥50)이 확인됐다. 현재 진행 중인 2상 임상은 BTN1A1 TPS(종양비율점수)≥50 환자를 선별해 진행하는 바이오마커 기반 임상이다.  1b상에서 넬마스토바트와 관련된 독성은 관찰되지 않았으며 초기 반응평가에서도 고무적인 결과가 확인됐다. BTN1A1 TPS≥50 환자 5명 중 2명에서 부분관해(PR)가 나타났고, 나머지 환자에서도 종양 감소 경향을 보이는 안정병변(decreasing SD)이 관찰됐다. 이후 4개월 시점에서 실시한 두 번째 종양평가에서도 환자들은 모두 치료효과를 유지했으며, 질병진행(PD)은 한 건도 보고되지 않았다.  에스티큐브 관계자는 ""BTN1A1은 전이성 대장암 환자에서 발현 빈도가 높을 뿐만 아니라, 기존 화학항암요법에 실패한 3차 치료 환자에서 더욱 높은 발현 양상이 관찰되고 있다""며 ""이번 1b상뿐 아니라 앞선 연구자임상에서도 BTN1A1 고발현 환자에서 넬마스토바트의 치료반응이 뚜렷하게 나타나고 있어, 바이오마커 기반 2상 설계와 글로벌 협력 논의의 중요한 자료로 활용되고 있다""고 설명했다.  에스티큐브는 ASCO GI 2026 기간 동안 BTN1A1 타깃 면역항암 플랫폼과 넬마스토바트의 임상 전략을 공유하며 글로벌 제약사 및 연구자들과 협력 논의를 이어갈 예정이다. 또한 학회 직후 개최되는 JP모건 헬스케어 콘퍼런스에서도 주요 제약사들과 만나 구체적인 협력 옵션과 개발 전략을 논의할 계획이다.",헬스케어
"보건복지부가 향후 5년 내 성과 창출이 가능한 보건의료 국가대표기술 30개를 선정하고 전폭적인 지원에 나선다.  복지부는 18일 오후 서울 중구 서울시티타워에서 2025년 제4차 보건의료기술정책심의위원회(이하 보기심)를 개최하고 이 같은 내용을 담은 '보건의료 R&D 로드맵'(안)을 논의했다. 보건의료 R&D 로드맵은 이재명 정부 국정과제인 '바이오헬스 5대 강국 실현'을 위한 '지도'와 같다. 주요국 대비 기술 수준 격차(80% → 85%)를 줄이고 국민건강수명을 증진(78.4세 → 80세)하기 위해 내년부터 2030년까지 5년간 4대 투자 방향을 중심으로 R&D 역량을 집중한다.  4대 투자 분야는 △바이오헬스 패러다임 전환 △데이터 기반의 AI 의료 △지역·필수 의료 강화 △임무 중심의 도전적 연구로 구성됐다.  먼저 복지부는 패러다임 전환을 위해 유망기술 중심의 탑 다운(Top-down)식 전략적 투자로 보건의료 국가대표기술 30개를 육성하기로 했다. 치매, 희소 질환, 감염병에서 유전자 편집(CRISPR 등)과 양자 컴퓨팅, 뉴모달리티 플랫폼까지 다양한 유망기술을 발굴할 계획이다. 복지부는 ""선정 후 끝까지 지원할 것""이라며 강한 의지를 내비쳤다. 인공지능(AI)과 양자컴퓨팅을 활용한 기술과 혁신 신약, CRDMO(위탁연구개발생산) 플랫폼 개발에도 적극적으로 나서는 한편 글로벌 첨단 의료기기와 필수의료기기의 국산화에도 박차를 가한다. 차세대 재생의료기술 임상 진입을 위한 전임상·실증기반 고도화도 추진할 계획이다.  AI 의료는 데이터 구축, 의료시스템 접목, 의료 현장 활용, 인재 양성으로 세분해 안전한 활용과 의료 질 향상, 의료진 업무 경감을 도모한다. 지역·필수 의료 강화를 위해 지역 국립대병원 특화 R&D 지원으로 지역의료 연구 인프라를 개선하고 임상과 연구·교육 간 선순환 발전 구조를 확립한다. AI·빅데이터 기반의 차세대 감염병 대응체계를 구축하고, 공공 백신 개발부터 상용화까지 연속 지원하는 전주기 R&D도 강화할 방침이다. 국가 난제 해결을 위한 '한국형 ARPA-H'가 포함된 도전·임무 중심 분야는 성공 시 사회적으로 파급효과가 크고, 사회 문제를 해결할 수 있는 도전적 연구를 지원한다. 인체 재생, 감염병 대응, 역노화 등이 포함된다.   정부는 안정적인 R&D 추진을 위해 재원을 다양화하는 한편 인프라 투자 확대, 범부처 협력도 강화하기로 했다. 연구 성과가 실제 임상 현장에 닿도록 연구 데이터의 전주기 관리 방안을 마련하고 조기 시장 진입을 위한 단계별 지원에 나선다. 글로벌 공동 연구 국가를 확대하고 특허권이나 성과물 귀속처럼 발생 가능한 이슈에 대한 법률·행정 지원도 병행한다.  내년도 5개 부처의 총 보건의료 R&D 예산은 2조 4251억원으로 전년 대비 14.3% 증가했다. 보건복지부 1조 652억원, 과학기술정보통신부 7481억원, 산업통상부 2974억원, 질병관리청 1973억원, 식품의약품안전처 1171억원이다. 복지부는 내년 83개 사업 중 신규 사업(14개) 638억원, 계속사업(69개)은 1조 14억원의 R&D 예산을 투입할 계획이다.  이날 보기심은 천연물신약 R&D 분야 국가연구개발사업을 시행하고 있는 8개 중앙행정기관이 합동으로 수립한 제5차 천연물신약 연구개발 촉진 계획을 심의·확정했다. 이를 통해 천연물 신약이 '보건의료기술'로 통합 관리되도록 '천연물개발촉진법'과 법령 통합을 추진하고, 민·관 협의체를 구성해 현장 수요 기반의 정책 발굴에 나설 예정이다. 제약바이오 메가펀드(2기)를 통해 천연물신약 분야 사업화·임상·글로벌 진출에 필요한 자금도 조달한다.  이형훈 복지부 제2차관은 ""대한민국이 바이오헬스 분야의 글로벌 중심국가로 도약할 수 있도록 적극 지원하며, 미래성장동력 확보를 위한 도전적 연구와 글로벌 경쟁력을 갖춘 협력 기반 마련에 힘쓰겠다""고 말했다. 조명찬 보기심 민간위원장(충북대 의대 명예교수)은 ""국민이 체감할 수 있는 보건의료 연구개발 성과를 창출하기 위해서는 관계부처 간 협력과 산·학·연·병의 연구 협력이 무엇보다 중요하다""고 강조했다.",헬스케어
"내년 바이오의약품, 의료기기, 화장품 등 'K-바이오헬스' 산업 수출액이 사상 처음 300억달러를 넘어설 것으로 전망된다. 아시아 중심에서 미국·유럽으로 수출 시장이 다변화하고 'K-뷰터' 'K-의료'에 대한 젊은 세대의 관심이 커지며 바이오헬스 신업의 고른 성장이 예상된다.  한국보건산업진흥원(이하 진흥원)이 18일 발표한 '바이오헬스 산업 수출 동향 및 전망'에 따르면 내년 관련 산업 수출은 올해보다 9% 증가한 304억 달러로 역대 최대 실적을 기록할 전망이다. 관세청 수출입 통관자료 등 기초자료에 시계열 모형, 전문가 조사 등을 종합해 도출한 수치다.  이에 따르면 내년 의약품 수출은 미국·유럽의 바이오의약품 수요 증가와 위탁개발생산(CDMO) 능력 향상으로 올해보다 10.5% 증가한 117억 달러를 기록할 것으로 예상된다. 바이오의약품 수출은 85억 달러로 전년 대비 23.4% 증가해 의약품 전체 수출의 81.1%를 차지할 것으로 진흥원은 전망했다. 휴젤, 대웅제약 등의 해외 허가 확대, 신흥시장으로 공급망 확충에 따른 '보톡스'(독소류·톡소이드류)의 수출 증가도 기대된다.   국가별로는 유럽과 미국에서 약진이 예상된다. 유럽은 셀트리온의 졸레어 바이오시밀러 '옴리클로', 삼성바이오에피스의 골질환치료제 '오보덴스'와'엑스브릭'의 순차 출시(예정) 등 포트폴리오가 다변화되고 있다. 북미 지역도 국내 기업의 향상된 CDMO 생산 능력과 국산 바이오시밀러의 약진에 힘입어 견조한 성장이 전망된다. 반면에 아시아는 일본의 약가 인하 정책과 중국의 국가 집중구매 제도(VBP) 시행 등 부정적인 요소에 따라 제한적인 성장이 점쳐진다.  의료기기는 '전통의 강호'인초음파 영상 진단기, 방사선 촬영기기와 함께 미용 수요 증가에 따른 의료용 레이저 기기의 수출 확대로 올해보다 4.5% 증가한 62억 달러의 수출을 기록할 것으로 전망된다. 화장품의 경우 'Z세대'(1990년대 후반~2010년대 초반 출생자)를 중심으로 K- 뷰티 경험이 확산하고, 온라인 소비가 강화되면서 신흥시장으로의 진출에 가속도가 붙을 것으로 예상된다. 수출 예상치는 올해보다 9.9% 증가한 125억 달러다. 이병관 진흥원 바이오헬스혁신기획단장은 ""화장품은 글로벌 인지도 상승과 온오프라인 접근성 향상으로 주요 시장에서 안정적인 성장세가 지속될 것""이라 말했다.   올해 바이오헬스 산업 수출은 지난해보다 10.6% 증가한 279억 달러로 예상된다. 반도체, 자동차, 기계, 석유 제품, 석유 화학, 선박, 철강 제품에 이어 8번째로 수출 규모가 크다. 의약품 수출은 미국과 유럽의 수요 확대로 전년 대비 25.7% 증가한 105억 달러를 기록해 사상 처음 100억 달러를 넘어설 전망이다. 화장품은 중국의 저가 공세로 아시아·태평양 지역에서 성장세가 둔화하고 있지만 제품 경쟁력을 바탕으로 북미·유럽 등에 시장 지배력을 확장하고 있다.  이병관 단장은 ""글로벌 통상환경의 불확실성과 각국 규제 강화 등 급변하는 시장 환경을 고려할 때 지속적인 산업 성장을 위해 정부와 기업 간 협력과 관심이 그 어느 때보다 중요하다""고 강조했다. 진흥원은 ""K-의약품은 △블록버스터 의약품의 특허 만료에 따른 바이오시밀러 슈퍼사이클 진입 △세계 최고 수준의 CDMO 생산 역량을 발판 삼아 향후 5년이 글로벌 주류로 도약하는 '퀀텀 점프'의 결정적 시기가 될 것""이라며 ""통상 및 규제 리스크를 체계적으로 관리하고 시장 다변화를 통해 외부 충격을 분산할 수 있는 전략이 요구된다. 기업이 직면한 규제·통관·인증 부담을 완화하는 지원책도 병행돼야 한다""고 밝혔다.",헬스케어
"식품의약품안전처가 신속한 신약 허가를 위해 올해부터 시행하는 '신약 품목허가?심사 업무 절차'의 첫 바이오의약품으로 모더나의 '엠레스비아프리필드시린지(엠레스비아)'를 18일 허가했다.  엠레스비아는 60세 이상 성인 및 18세 이상 60세 미만 고위험군에서 호흡기세포융합바이러스(RSV)로 인한 하기도 질환을 예방하는 mRNA 백신이다.  식약처는 제품 허가를 위해 신약 허가 전문인력을 포함한 품목전담팀(18명)을 구성하고, 제조·품질관리(GMP) 우선 심사, 품목허가 신청 전후 맞춤형 대면 회의 운영 등을 통해 업체와 긴밀히 소통해 신속하게 품목허가를 완료했다.  식약처 관계자는 ""앞으로 신약 허가심사 과정에서 심층 예비 검토와 항목별 병렬 심사, 단계별 맞춤형 회의 개최 등 허가 체계를 더욱 개선해 신약의 신속한 시장 진입 지원으로 국민에게 치료 기회를 보다 빠르게 제공하고, 바이오 제약산업 성장이 촉진될 수 있도록 최선을 다할 계획""이라고 말했다.",헬스케어
"유한양행의 비소세포폐암 치료제 '렉라자'(성분명 레이저티닙)와 병용되는 존슨앤드존슨의 '리브리반트' 피하주사(SC) 제형이 미국 식품의약국(FDA) 허가를 획득했다.  18일 업계에 따르면 FDA는 17일(현지시간) EGFR 변이 비소세포폐암(NSCLC) 환자를 대상으로 한 리브리반트SC(리브리반트 파스프로)를 승인했다.  SC제형인 리브리반트 파스프로는 투약 시간이 5분 내외로 기존 정맥주사(IV)가 5~6시간 걸린 것과 비교해 환자 편의성을 크게 높였다. 투약 과정에 큰 제약이 없어 규모가 작은 병·의원에도 처치가 가능하다는 장점이 있다.  존슨앤드존슨은 보도자료를 통해 ""리브리반트 파스프로는 EGFR 변이 비소세포폐암 환자를 위한 최초이자 유일한 피하 투여 치료제""라며 ""투여 관련 이상 반응이 정맥 투여보다 약 5배 적게 나타나는 등 정맥혈전색전증을 비롯한 부작용 위험도 현저히 줄었다""고 밝혔다.  리브리반트 파스프로는 기존 리브리반트가 가진 모든 적응증에 대해 승인받았다. 환자 편의성이 개선되면서 이와 병용 처방되는 렉라자 사용량도 늘어날 가능성이 커졌다. 업계 관계자는 ""글로벌 판매 확대에 따라 매출 연동 로열티 상승도 기대할 수 있게 됐다""고 분석했다.",헬스케어
"셀트리온이 유럽의약품청(EMA) 산하 약물사용자문위원회(CHMP)로부터 스텔라라(성분명 우스테키누맙) 바이오시밀러 '스테키마'와 '코이볼마'의 오토인젝터(자동주사제, 이하 AI) 제형을 추가하는 변경허가 신청에 대해 '승인 권고' 의견을 받았다고 18일 밝혔다.  변경허가 신청에 대한 CHMP의 승인 권고 의견은 승인으로 간주됨에 따라 셀트리온은 스테키마와 코이볼마에 대해 각각 45mg와 90mg 용량의 AI 제형을 확보하게 됐다. 코이볼마는 이번 변경허가로 45mg 바이알 제형 승인까지 획득해 두 제품 모두 오리지널에 상응하는 모든 용량 및 제형을 갖춘 '풀 라인업'을 완성하고 제품 경쟁력을 한층 강화하게 됐다.  셀트리온은 두 제품의 치료 옵션(선택지) 확대로 투여 환경과 환자 특성별 맞춤 처방이 가능해진 만큼 다양한 의료 현장 니즈에 전략적으로 대응한다는 방침이다. 특히 AI 제형은 자가 투여 시 편의성이 높아 의료기관 방문이 어려운 환자군의 치료 접근성을 높이고, 자가 주사를 선호하는 환자의 만족도를 향상시키는 장점이 있다.  최근에는 유럽 주요 국가를 중심으로 자가 주사 제형 수요가 증가하고 있어 기존 사전충전형주사제(PFS) 제형에 AI 제형까지 추가 확보한 스테키마와 코이볼마에 대한 처방 선호도는 한층 높아질 전망이다.  스테키마와 코이볼마는 모두 자가면역질환 치료제 스텔라라의 바이오시밀러로, 셀트리온은 유럽 각국의 복잡한 특허 환경에 유연하게 대응하기 위해 서로 다른 적응증으로 두 제품의 허가를 획득했다. 코이볼마는 스테키마가 보유한 판상형 건선, 건선성 관절염, 크론병(CD) 등의 적응증에 궤양성 대장염(UC)을 추가해 승인을 획득한 제품이다.  셀트리온은 스테키마와 코이볼마의 강화된 제품 경쟁력을 바탕으로 유럽을 포함한 글로벌 우스테키누맙 시장에서 점유율을 확대해 나갈 방침이다. 의약품 시장조사기관 아이큐비아에 따르면 지난해 기준 우스테키누맙 글로벌 시장 규모는 약 216억6060만달러(약 30조3248억원)로 추산된다.  셀트리온 관계자는 ""스테키마-코이볼마는 유럽에서 출시 직후부터 잇달아 입찰 수주를 따내는 등 고성장하고 있는 제품으로, 이번 AI 제형 추가 승인으로 오리지널에 상응하는 전 라인업을 갖추게 되면서 치료 옵션이 다양해져 시장 확대 속도는 더욱 빨라질 전망""이라며 ""셀트리온은 앞으로도 환자 편의성을 높이는 제형 개발을 지속해 글로벌 시장에서 경쟁력을 더욱 강화해 나가겠다""고 말했다.",헬스케어
"골관절염 유전자 치료제 인보사케이주(인보사) 사태로 대규모 손실을 본 코오롱생명과학의 소액주주들이 손해배상 소송을 냈지만 1심에서 패소했다.  서울중앙지법 민사합의30부(부장판사 김석범)는 18일 투자자 김모씨 등 175명이 코오롱티슈진과 코오롱생명과학 등을 상대로 낸 손해배상 청구 소송에서 원고 패소 판결했다. 이어 김모씨 등 17명이 낸 소송에서도 원고 패소 판결했다.  재판부는 2019년 FDA 임상 중단 누락과 관련된 부분은 소송 요건을 갖추지 못했다며 각하했으며, 성분 허위 기재에 따른 손해배상 청구 등은 기각했다.  재판부는 코오롱생명과학의 사업보고서 등에 기재된 성분 정보에 '거짓'이나 '누락'이 있었지만 이것이 자본시장법상 손해배상 책임을 지울 만큼의 '중요사항'은 아니라고 판단했다.  관련 법의 중요사항이란 합리적 투자자가 투자 판단을 내리는 데 있어 의사결정에 중대한 영향을 미치거나 고려의 대상이 되는 것을 말한다.  재판부는 ""의약품으로서의 실질적인 효능이 달라지지 않고 성분 기원이 다르다는 이유만으로 종전보다 특별히 유해성이 달라지지 않았다""며 ""투자를 판단하는 데 중요한 사항을 거짓 기재하거나 누락한 것은 아니다""라고 했다.  인보사의 성분이 당초 알려진 연골세포가 아닌 신장유래세포로 밝혀졌더라도 약의 효능이나 유해성 등은 변함이 없기에 관련 법의 중요 사항을 거짓 기재했거나 누락한 것으로 볼 수 없다는 의미다.  코오롱생명과학의 미국 자회사인 코오롱티슈진이 개발한 인보사는 사람의 연골세포가 담긴 골관절염 유전자치료제로 2017년 식약처 허가를 받았으나, 2019년 3월 주성분 중 하나가 연골세포가 아닌 신장세포였다는 사실이 드러나 허가가 취소됐다.  이 일로 코오롱생명과학의 주가는 급락했다. 이에 주주들은 같은 해 코오롱티슈진과 코오롱생명과학이 인보사의 주성분이 바뀐 사실을 인지하고도 허위 공시를 했다며 손해배상을 청구했다.  이 사태와 관련해 이웅열(69) 코오롱 명예회장은 2017년 11월부터 2019년 3월까지 인보사를 허가받은 성분과 다른 신장유래세포 성분으로 제조·판매해 160억원의 매출을 올린 혐의로 1심에서 무죄를 선고받고 현재 항소심이 진행 중이다.",헬스케어
"셀트리온이 일라이 릴리의 미국 뉴저지 공장 인수에 대한 '딜 클로징'(거래 완료)을 목전에 두고 있다. 이를 통해 확보한 북미 생산 거점은 지정학적 리스크는 최소화하고 생산 효율을 극대화해 새로운 도약의 발판이 될 전망이다. 특히 빠르게 시장을 선점하고 있는 신규 품목들이 생산 인프라 확충과 시너지를 내면서 회사의 중장기 성장 모멘텀이 한층 더 강화될 것으로 기대된다.  18일 업계에 따르면 셀트리온은 이달 초 독일, 영국 등 유럽 주요국에 안과 질환 치료제 '아이덴젤트'(성분명 애플리버셉트)를 출시했다. 영국에선 출시와 동시에 국가보건서비스(NHS) 입찰 수주에 성공하는 성과도 거뒀다. 회사는 지난 10월 리제네론과 아이덴젤트의 미국 출시 일정을 합의한 데 이어 지난달 캐나다에서도 품목허가를 획득한 만큼 북미 시장에서의 상업화도 속도를 낼 것으로 보인다.   안정적 매출의 기존 품목에 신규 질환군 제품으로 포트폴리오 확대…직판 경쟁력 앞세워 시장 선점 가속  셀트리온은 최근 글로벌 주요국에서 다수의 신규 바이오시밀러(바이오의약품) 제품을 출시하며 제품 포트폴리오를 빠르게 확대하고 있다. 자가면역질환 치료제, 항암제 제품군 등 기존 품목의 꾸준한 매출 확대에 이어 신규 품목들의 시장 진입이 본격화하면서 실적 성장세는 더 가팔라질 것으로 전망된다.  신규 품목 가운데 가장 빠르게 시장을 선점하고 있는 제품은 만성 특발성 두드러기 치료제 '옴리클로'(성분명 오말리주맙)다. 특히 유럽에선 직판 경쟁력을 기반으로 지난 9월 출시 이후 올해 3분기까지 약 470억원의 누적 매출액을 기록했다. 미국에선 오리지널 의약품 '졸레어'와 상응하는 3종의 사전충전형주사기(PFS) 용량 제형 라인업을 갖추며 경쟁력이 한층 더 높아졌다.  골질환 치료제 '스토보클로-오센벨트'(성분명 데노수맙)도 미국 시장을 중심으로 본격적인 상업화 단계에 진입했다. 최근 미국 3대 처방약급여관리업체(PBM) 중 한 곳에서 데노수맙 바이오시밀러 가운데 유일하게 모든 공·사보험 처방집에 등재됐으며, 선호의약품 지위까지 획득하며 처방 확대 기반을 확보했다. 현재 셀트리온이 확보한 미국 데노수맙 시장 커버리지는 약 30% 수준으로 추산된다.  셀트리온은 미국 식품의약국(FDA)으로부터 확보한 상호교환성 지위를 바탕으로 처방 확대에 유리한 환경을 조성해 미국 내 시장 점유율 확대에 더욱 속도를 낼 계획이다. 이러한 제품 포트폴리오 및 시장 점유율 확대 전략이 미국 내 생산기지 확보 효과와 맞물리며 셀트리온의 중장기 성장 모멘텀은 더 강화될 전망이다.   美 공장 인수로 북미 생산 거점 확보…국내 신규 생산시설 증설도 속도 내며 '미국-한국 이원화 생산체계' 구축  셀트리온은 현재 미국 뉴저지주 브랜치버그에 위치한 일라이 릴리의 바이오의약품 생산 공장 인수를 진행 중이다. 미국 및 아일랜드 정부 기관의 기업결합 심사를 마무리하고 자금 확보도 마쳐 인수를 위한 모든 절차를 사실상 완료한 상태다. 거래는 연내 최종 완료될 전망이다.  이번 딜을 통해 확보한 미국 공장은 셀트리온의 북미 생산 거점으로 향후 새로운 도약의 발판이 될 것으로 보인다. 회사는 관세 리스크로부터 구조적으로 벗어나고, 생산 거점 다변화로 지정학적 불확실성을 완화하는 등의 성과를 거둘 것으로 기대하고 있다.  셀트리온은 미국 공장과 연계해 국내 생산기지 확충에도 속도를 내며 '미국-한국 이원화 생산체계'를 구축할 계획이다. 송도와 예산, 오창을 중심으로 원료의약품(DS)·완제의약품(DP)·사전 충전형 주사기(PFS) 공장을 순차적으로 건설하는 데 약 4조원을 투입할 계획이다. 북미 시장 제품은 미국 공장이, 그 외 글로벌 시장 제품은 국내 공장이 생산을 담당하는 구조로 공급 안정성과 물류 효율, 원가 경쟁력을 동시에 강화한다는 구상이다.  셀트리온 관계자는 ""미국 생산시설에 대한 딜 클로징이 이달 마무리되면 미국 생산시설 인수와 단계적 증설을 통해 관세 리스크를 구조적으로 해소하고, 글로벌 공급망 안정성과 원가 경쟁력을 동시에 확보할 수 있다""며 ""미국과 국내를 잇는 이원화 생산체계를 기반으로 신규 제품의 글로벌 수요 증가에 기민하게 대응하며 지속적인 성장을 이어갈 것""이라고 말했다.  회사는 미국 공장을 통해 진행할 위탁생산(CMO) 사업에선 인수 직후부터 즉각 수익을 창출할 예정이다. 셀트리온은 미국 내 의약품 수요도 꾸준히 늘어날 것으로 예상되는 만큼 브랜치버그 생산시설을 중심으로 CMO 사업도 적극적으로 전개한다는 방침이다. 이에 인수가 완료되자마자 캐파(생산능력) 확장을 통해 생산 효율을 즉시 끌어올릴 계획이다.  현재 케파(생산능력)만으로도 미국 내 판매 물량 생산은 가능하지만, 향후 신규 제품과 일라이 릴리의 CMO 물량을 동시에 고려할 경우 조기 증설이 불가피하단 게 회사 측의 설명이다. 1차로 1만1000ℓ 배양기 3기를 증설하고, 이후 수요 추이에 맞춰 추가 증설을 통해 총 6만6000ℓ 규모까지 생산능력을 단계적으로 확대한다. 예비 설계와 주요 인허가는 빠르게 마무리할 방침이다.",헬스케어
"올해 독감(인플루엔자) 발병률이 최근 10년 중 가장 높은 데다, A형 독감이 유행하는 가운데, 홍삼이 A형 독감(인플루엔자 A 및 변이 바이러스)을 억제하는 분자적 기전이 국내 연구에서 밝혀져 주목된다.  18일 울산과학기술원(UNIST) 생명과학과 이상준 교수팀은 ""홍삼을 섭취하면 A형 독감과 변이 바이러스에 감염됐을 때 'ZBP1이 관여하는 항바이러스 경로'를 강화해, 감염세포 제거가 촉진되고 바이러스 단백질 발현이 억제된다는 사실을 확인했다""고 밝혔다.  ZBP1은 바이러스에 감염된 비정상 세포를 인식해 면역 반응을 유도하는데, 바이러스 종류에 따라 작동 방식이 다르다. 이상준 교수팀은 앞선 연구에서 인플루엔자 A형 바이러스 감염의 경우 ZBP1이 감염세포 사멸 경로를 활성화해 바이러스 억제에 핵심적인 역할을 한다고 규명한 바 있다. 연구팀은 이번 연구에서 홍삼이 이 경로를 어떻게 조절하는지 세포·동물 모델을 통해 분석했다.  연구팀은 면역세포가 생성되는 골수에서 분리·배양한 대식세포(BMDMs)에 인플루엔자 A형 바이러스에 감염시킨 뒤 홍삼을 처리했다. 그 결과, 무처리 대조군에 비해 감염 세포의 사멸이 증가하고 바이러스 단백질 발현이 크게 감소했다. 이러한 효과는 ZBP1이 존재하는 세포에서만 나타나, 홍삼의 항바이러스 작용이 ZBP1 경로를 통해 발현됨을 확인했다.  연구팀은 세포실험 결과를 검증하기 위해 정상 마우스와 ZBP1 결핍 마우스에 7일간 홍삼을 투여한 뒤 인플루엔자 A형 바이러스를 감염시켰다. 그 결과, 정상 마우스는 홍삼 투여 시 바이러스만 감염시킨 대조군보다 폐 조직 손상과 염증이 줄고 생존율이 크게 향상됐다.  반면, ZBP1 결핍군에서는 동일한 효과가 관찰되지 않아, 홍삼이 ZBP1 기반 세포 사멸 경로를 활성화해 감염세포를 제거한다는 점을 확인했다.  이상준 교수는 ""인플루엔자 A형 바이러스 감염에서 홍삼이 ZBP1이 관여하는 감염세포 제거 경로를 강화하는 기전을 확인했다""며 ""홍삼은 ZBP1 의존적 세포사멸 경로를 선택적으로 활성화해 과도한 면역반응 없이 안전하게 바이러스 증식을 억제한다는 점에서 의의가 있다""고 말했다.  이어 ""바이러스별로 ZBP1 경로 사용 여부가 다르기 때문에, 향후 다양한 바이러스 감염 모델에서 홍삼의 항바이러스 기전을 규명하는 연구를 지속 확대할 계획""이라고 덧붙였다.  이번 연구는 한국연구재단(NRF), 한국보건산업진흥원(KHIDI), 질병관리청 국립보건연구원, 기초과학연구원(IBS), 고려인삼학회의 지원을 받아 수행됐으며, 올해 SCIE 국제학술지 '저널 오브 마이크로바이올로지(Journal of Microbiology)'에 실렸다.  앞서 세계보건기구(WHO)는 지난 10일 발표한 '계절 독감 국제 동향' 보고서를 통해, 올해 10월 이후 전 세계적으로 독감 바이러스 활동이 증가했으며 북반구를 중심으로 독감 A형 바이러스가 유행을 주도하고 있다고 밝혔다.  특히 올해는 독감 유행이 평년보다 두 달가량 빨리 시작되면서 환자 수가 급증했는데, 18일 질병관리청에 따르면 올해 외래환자 1000명당 독감 의심 환자는 42주차(10월 12~18일)에 7.9명에서 5주 연속 빠르게 증가해 47주차(11월 16~22일)에는 70.9명에 달했다. 이후 49주(11월 30일~12월 6일)까지 독감 의심 환자는 56.7명으로 약간 줄었으나 여전히 이번 절기, 독감 유행 기준(9.1명)의 6배가 넘는 환자가 발생하고 있다.",헬스케어
"식품의약품안전처가 세계 최초로 마약류 의존성 평가 국제(UN) 가이드라인을 제정해 전 세계 90여 개국에 국문·영문본을 동시 배포했다고 18일 밝혔다.  이번 가이드라인에는 신종마약류를 마약류로 지정·관리하기 위해 필요한 과학적 평가 기준이 담겼다. 동물행동 시험을 통해 효과와 특성을 명확하게 평가할 수 있는 오피오이드계 약물을 대상으로, 마약류 의존성 평가에 필요한 실험 동물 종류와 장비 구성, 시험원리와 상세한 시험방법, 결과분석 방법과 평가 시 고려사항 등이 포함됐다.  오피오이드계 약물은 모르핀, 헤로인, 옥시코돈, 펜타닐 및 그 유사체, 니타젠 계열 신종 합성 오피오이드 등이다.  식약처는 가이드라인 제정을 위해 유엔마약범죄사무소(UNODC)와 2022년 11월 LOI(협력의향서), 2023년 9월 MOU(업무협약)를 체결해 국제협력 기반을 마련했다. 이후 식약처 소속 식품의약품안전평가원이 발간한 기존 의존성 평가 가이드라인을 바탕으로 식약처-UNODC-KIST(한국과학기술연구원)와의 공동 연구와 국내외 전문가 논의를 거쳐 최초의 국제 기준을 수립했다.  오유경 식약처장은 ""이번 국제 가이드라인 제정은 국제기준을 따라가던 단계에서 벗어나 우리나라가 직접 국제기준 마련을 주도하는 전환점이 될 것""이라 말했다.",헬스케어
"한미그룹 창업주 임성기 회장의 신약 개발에 대한 집념과 유지, 철학을 받들기 위해 제정된 임성기연구자상 대상에 연세대 의과대학 약리학교실 김형범 교수가 선정됐다. 만 45세 미만 연구자 대상의 '젊은연구자상'은 강원대 약학대학 약학과 한용현 교수가 받는다.  임성기재단은 지난 8일 이사회를 열고 임성기연구자상 제5회 수상자 2명을 이같이 선정했다고 18일 밝혔다.  임성기연구자상은 국내 최고 권위의 생명공학 및 의약학 부문 상으로, 한미그룹 창업주 임성기 회장의 신약 개발에 대한 유지를 계승하기 위해 임 회장 가족이 최우선으로 설립한 임성기재단이 제정한 상이다. 재단은 의학, 약학, 생명과학 분야 석학들로 이뤄진 별도의 심사위원회를 구성해 엄격한 심사를 거쳐 수상자들을 선정했다.  대상 수상자인 김형범 교수는 유전자가위 연구의 세계적 권위자로, 암 발생 위험을 높이는 'ATM 유전자'의 단일 염기 변이 2만 7000여 개의 기능을 전수 분석한 연구 성과가 정밀의학 발전에 크게 기여한 점을 인정받았다.  젊은연구자상을 받는 한용현 교수는 비만·대사증후군에서 동반되는 지방간염의 악화 기전을 규명하는 과정에서 염증성 사이토카인 'IL-18'과 그 길항제인 'IL-18BP'가 상호 견제한다는 새로운 생물학적 염증·섬유화 조절 메커니즘을 밝혀냈다.  김창수 임성기재단 이사장은 ""올해 임성기연구자상 수상자들의 연구는 정밀의학과 신약 개발 분야의 지평을 한층 확장한 보다 의미 있는 성취""라며 ""임성기재단은 앞으로도 국내 연구자들이 안정적으로 연구에 전념할 수 있는 환경 조성에 힘을 보태고, 인류 건강 증진에 기여할 수 있도록 다양한 탐구 활동에 필요한 지원을 아끼지 않겠다""고 말했다.  시상식은 내년 3월초 열리며 대상 수상자에게는 상패와 상금 3억원, 젊은연구자상 수상자에게는 상패와 상금 5000만원이 수여된다.",헬스케어
"단국대학교는 최근 손혜주 의학과 교수가 한국차세대과학기술한림원(Y-KAST) 의약학부 분야 회원으로 선출됐다고 18일 밝혔다.  한국과학기술한림원은 지난 15일 과학기술 분야에서 탁월한 연구성과를 발표한 젊은 과학자 29명을 '2026년도 Y-KAST 회원'으로 선출했다.  손 교수는 뇌 영상진단 및 PET 기반 신경이미징 분야에서의 연구 성과를 인정받았다. 알츠하이머 치매 조기 진단과 '회복탄력성'(Resilience) 연구에서 두각을 보였다.  또한 전 세계적으로 진행 중인 '우성 유전 알츠하이머병 네트워크'(DIAN) 국제 코호트 연구를 국내 기관 최초로 주도했다. 유전적 요인이 강한 치매 환자라도 새로운 경험에 대한 개방성, 협력적이고 이타적인 태도, 성실한 삶의 자세 등 '회복탄력성' 관련 삶의 경험 요인이 발병 시기를 늦출 수 있음을 규명했다.  해당 연구 결과는 미국 신경학회 공식 저널인 'Neurology'(IF 9.0)에 게재됐다. 손 교수는 이 연구 성과를 바탕으로 지난 6월 충청남도의사회가 수여하는 '제4회 충의(忠醫) 학술상'을 받았다.  현재는 '알츠하이머 뇌조직 투명화 이미징 및 행동 연구실'을 이끌며 3D 조직 투명화 기술과 광시트 현미경을 활용한 뇌 미세 병리 삼차원 시각화 연구를 수행 중이다. 이와 함께 눈(안구) 검사만으로 치매를 조기에 진단하는 '안구 기반 알츠하이머 조기 진단 플랫폼' 기술 사업화에도 참여하고 있다.  손 교수는 ""임상과 기초를 잇는 연구를 통해 치매 진단과 예방 기술 발전에 기여하겠다""며 ""치매와 함께 살아가는 사람들에게 실질적인 도움이 될 수 있도록 의학과 인문학, 예술을 아우르는 연구를 이어갈 것""이라고 말했다.  단국대는 2023년 이정환 치의예과 교수에 이어 두 번째 Y-KAST 회원을 배출했다.",헬스케어
"GC녹십자가 지난 17일 카나프테라퓨틱스(이하 카나프)가 보유한 이중항체 기반 항체-약물 접합체(ADC) 기술에 대한 옵션을 행사했다고 18일 밝혔다. 이번 결정은 2024년 11월 양사가 체결한 공동개발 계약의 확장으로, 전임상 단계의 파이프라인을 개발 단계로 진입시키는 중요한 이정표로 분석된다.  양사는 기존 치료제에 내성이 생긴 EGFR 변이 비소세포폐암 환자를 대상으로 EGFR과 cMET을 동시에 타깃하는 이중항체 ADC를 공동 연구·개발할 계획이다.  EGFR 변이 비소세포폐암 환자는 표준치료제인 EGFR 저해제 투여 후 1~2년 내 약물 내성이 발생하는 경우가 많다. 내성의 주요 원인으로 cMET 과발현과 EGFR 내성 변이가 지목된다. 이에 양사는 두 표적을 동시에 공략함으로써 내성 환자를 위한 새로운 치료 대안을 마련한다는 계획이다. EGFR과 cMET은 여러 암종에서 과발현되는 만큼, 향후 비소세포폐암 외 적응증 확장 가능성도 함께 검토할 예정이다.  회사측은 이번 옵션 행사가 그간 카나프의 연구 성과에 대한 신뢰를 바탕으로 이루어진 것이라고 설명했다. 지난해 11월 공동개발 계약 이후, 카나프는 전임상 연구와 후보물질 최적화를 수행했다.  향후 전임상은 양사가 공동으로 추진하고, CMC 개발은 카나프가 주도하며 임상 단계는 GC녹십자가 담당할 예정이다. 카나프는 롯데바이오로직스와 공동 개발한 ADC 플랫폼 기술을 기반으로 파이프라인을 확대하고 있다. 이병철 카나프 대표는 ""GC녹십자의 옵션 행사는 당사 기술에 대한 강한 신뢰와 연구 성과의 가치를 반영한 결과""라며 ""앞으로도 전략적 파트너십을 확대해 글로벌 항암제 개발을 선도해 나가겠다""고 말했다.  정재욱 GC녹십자 연구개발(R&D) 부문장은 ""GC녹십자는 항암 및 면역 질환 치료제 분야에 지속 투자하고 있고, 이번 옵션 행사는 그 전략의 일환""이라며 ""양사의 역량을 활용해 혁신 신약 개발의 성과를 이루겠다""고 말했다.",헬스케어
"신약 개발 전문기업 아이엔테라퓨틱스가 니로다 테라퓨틱스(이하 니로다)와 독자 개발한 차세대 비마약성 진통제 후보물질 '아네라트리진'의 기술 수출 계약을 체결했다고 18일 밝혔다. 계약 규모는 약 7500억원(약 5억 달러) 이상이다.  아이엔테라퓨틱스는 계약 체결과 동시에 선수금을 확보했으며 향후 18개월 내 단기 마일스톤을 포함한 단계별 마일스톤과 로열티를 확보할 예정이다.  아이엔테라퓨틱스는 아네라트리진 등 다수의 신약후보 물질을 발굴한 독자 이온채널 신약 개발 플랫폼 'VITVO'를 보유하고 있다. 아네라트리진은 만성통증 조절에 핵심적인 역할을 하는 이온채널(NaV1.7)을 정밀하게 타깃 해 억제하는 기전을 갖는다.  파트너사인 니로다는 미국의 주요 벤처캐피탈인 파퓰레이션 헬스 파트너(Population Health Partners), 에프프라임 캐피털(F-Prime Capital), 릴리 아시아 벤처스(Lilly Asia Ventures)가 공동 설립한 회사다. 이번 계약에 따라 니로다는 미국·유럽 등 주요 시장에서 아네라트리진의 글로벌 임상 개발 및 상업화 권리를 독점적으로 확보하게 된다.  한국과 중국 등 일부 아시아 지역에 대한 권리는 아이엔테라퓨틱스가 계속 보유한다. 아이엔테라퓨틱스의 한국 및 유럽 임상 2상 프로그램은 니로다의 글로벌 개발 프로그램에 맞춰 재조정된다.  아이엔테라퓨틱스는 기술 수출 성과를 바탕으로 후속 파이프라인의 개발과 2027년을 목표로 하는 IPO에도 속도를 낼 계획이다. 박종덕 아이엔테라퓨틱스 대표는 ""이번 계약은 당사 이온채널 플랫폼 기술의 글로벌 상업화 가능성을 인정받은 쾌거""라며 ""확보된 자금은 난청·뇌질환 치료제 등 후속 파이프라인에 적극적으로 재투자하고 자체 상업화 역량을 단계적으로 강화해 글로벌 바이오텍으로 도약하겠다""고 말했다.",헬스케어
"대웅제약이 당뇨병 치료제 '엔블로정'(성분명 이나보글리플로진)의 중국인 대상 임상 3상에서 인슐린 저항성과 지방 축적 지표 개선을 확인했다고 18일 밝혔다.  이번 연구는 중국 베이징대 인민병원 리농 지 교수가 책임 연구자로, 레이리 가오 교수가 주저자로 참여했다. 총 340명의 중국인 제2형 당뇨병 환자를 대상으로 기존 치료제인 메트포르민으로 혈당이 충분히 조절되지 않는 환자들에게 24주 동안 엔블로정(0.3㎎) 또는 다파글리플로진(10㎎)을 병용 투여해 두 약물의 치료 효과를 비교했다.  그 결과 엔블로정 투여군은 인슐린 저항성(HOMA-IR) 수치가 다파글리플로진 대비 약 30% 더 개선된 것으로 확인됐다. 인슐린 저항성이 낮아진다는 것은 몸이 같은 양의 인슐린으로도 혈당을 더 잘 처리한다는 의미다. 수치가 낮아질수록 체중 증가와 지방 축적 위험을 줄이는 데도 긍정적인 영향을 주는 것으로 알려져 있다.  이 밖에 인슐린 분비, 지방 축적과 관련된 지표인 '공복 C-펩타이드' 수치도 엔블로정 투여군이 다파글리플로진 투여군 보다 약 47% 더 많이 감소했다. 이는 지방이 과도하게 쌓이는 위험을 낮추는 데 도움이 되는 것으로 해석된다.  나재진 대웅제약 임상의학센터장은 ""엔블로정이 단순한 혈당 조절을 넘어 체중과 인슐린 대사까지 함께 개선하는 효과를 확인한 의미 있는 연구""라며 ""국산 신약으로 아시아를 비롯한 다양한 환자군을 대상으로 대사질환 치료 패러다임을 주도해 나가겠다""고 말했다.  엔블로정은 임상 3상의 성공적인 탑라인 결과를 토대로 현재 중국 품목허가(NDA) 절차를 진행 중이다. 첫 해외 임상에서 혈당 조절을 넘어 인슐린 대사 효율성까지 개선할 수 있다는 점을 입증한 만큼, 비만·대사질환과 같은 적응증 확장 연구와 글로벌 시장 진입도 가속할 계획이다.  이번 연구 결과는 최근 미국 애틀랜타에서 열린 '2025 미국비만학회'에서 포스터 발표됐다.",헬스케어
"메드팩토는 내년 1월 12~15일 미국 샌프란시스코에서 열리는 'JP모건 헬스케어 콘퍼런스'에 참가해 항암제 후보물질 '백토서팁'과 신규 면역항암제 파이프라인 'MP010'의 기술이전을 협의할 예정이라고 18일 밝혔다.  메드팩토는 이 행사에서 중국과 유럽, 북미권 기업을 만나 백토서팁의 특정 국가 및 지역별 기술이전을 본격적으로 추진한다. 우정원 사장과 김새롬 미국법인장 등이 현지에서 다수의 글로벌 제약사 및 바이오 기업과 신약 파이프라인 공동개발 및 사업화 협력 기회를 적극적으로 모색할 계획이다.  메드팩토는 특히 백토서팁의 골육종 임상에서 탁월한 성과를 확인한 만큼 다양한 육종암으로 적응증을 확장하기 위한 글로벌 협업을 확대하겠단 전략이다. 또 지난 6월 '바이오 USA'와 11월 '바이오 유럽'에서 협업을 논의한 기업들과 후속 협의를 이어갈 예정이다.  메드팩토 관계자는 ""이번 행사를 통해 다양한 암종에서 효과를 확인한 백토서팁의 지역별 기술이전을 추진하는 동시에 전임상에서 높은 완전관해율을 보인 MP010의 글로벌 협업을 위한 네트워크를 강화하겠다""고 말했다.",헬스케어
"2023년 10월, 커털린 커리코 박사와 드루 와이스먼 박사가 노벨 생리의학상을 수상했다. 이들은 1990년대 초부터 수행한 mRNA 분야 기초연구 결과를 2005년에 발표했고, 이는 화이자와 모더나의 코로나19 백신 개발의 기반이 됐다. 기초과학 성과가 산업 현장에서 경제적·사회적 가치를 창출한 대표적인 모델이다.  이처럼 기초·원천연구는 단기간에 성과를 드러내지 못할 수 있지만 미래산업의 판도를 바꿀 잠재력을 품고 있다. 따라서 이러한 성과가 사장되지 않고 확산되도록 지원하는 것은 과학기술정책의 중요한 과제다.  이재명 대통령은 대선에서 ""정부 R&D(연구·개발) 성과가 전 산업으로 확산되는 혁신성장 체계 구축""을 과학기술 분야 공약으로 제시했고, 당선 이후 ""R&D 성과 기반 실험실창업 지원 강화 등 딥테크 기반 혁신성장""을 국정과제 이행을 위한 주요 내용으로 발표했다. 그간 정부가 막대한 예산 투자로 축적한 연구성과는 논문, 특허 등 서류상에 머무는 경우가 적지 않은데 이런 공공연구성과를 사회적 가치와 산업적 성과로 전환하겠다는 의지를 보여준다.  같은 문제의식에서 미국 NSF(국가연구재단)는 2011년부터 아이콥스(I-Corps, 혁신 특공대) 프로그램을 도입했다. 혹독한 훈련을 거친 특수부대가 민첩하게 작전을 수행하는 것처럼 연구자가 R&D 성과를 기반으로 창업 아이템을 탐색할 수 있도록 훈련시키는 것이다. 연구자는 시장의 수요자를 직접 만나 인터뷰하면서 단기간 내 아이템을 구체화한다. 이러한 교육 훈련을 통해 연구자는 실험실의 성과가 시장에서 통할 수 있는지 직접 검증하고, 나아가 최종 창업 여부를 결정한다.  과학기술정보통신부도 2015년부터 NSF와 협력해 아이콥스 방법론을 도입하고, 공공연구성과 기반 창업탐색 교육·보육 프로그램(실험실창업 탐색 특공대 TeX-Corps)을 운영해 왔다. 그간 864개 창업팀을 발굴하고, 435개 창업기업을 탄생시켰으며, 올해 11월 기준 누적 정부예산 투입(792억원) 대비 9배 이상의 후속 투자(7132억원)를 유치했다. 이중에는 자율주행용 라이다 센서 기술로 작년 코스닥에 상장한 에스오에스랩, 국내 최초로 민간 액체로켓 시험발사에 성공한 페리지에어로스페이스 등 혁신 경쟁력을 입증한 기업도 있다.  과기정통부는 최근 2026년 업무계획을 발표했다. 주요 과제 중 하나로 실험실창업 탐색 지원체계를 전국으로 확대하는 내용도 포함됐다. 현재 인근 대학이나 연구소로부터 참여 연구자를 모집해 사전교육을 지원하는 7개 '실험실창업혁신단(노드)'이 운영되고 있다. 2026년에는 정부출연연구기관 특화형 노드 등 노드를 10개 이상으로 확대하고, 2030년까지 17개 시·도로 확대할 예정이다. 이 외에도 군 복무 중인 우수한 이공계 석·박사 인재까지 범위를 확장하는 등 빈틈없고 체계적인 지원을 추진한다.  공공연구성과가 가진 '혁신의 불씨'를 살려 실험실창업 탐색을 통해 사업화 가능성을 조기에 발굴하고 숨결을 불어 넣는다면 곧 거대한 불꽃으로 타오를 것이다. 그리고 그 불꽃이 만들어 낸 경제가치가 다시 연구개발에 재투자되는 선순환 구조가 정착될 때, 국가 R&D는 지속 가능한 기술주도 성장의 토대를 굳건히 다지게 될 것이다. 과기정통부는 연구자의 땀과 열정이 헛되지 않도록, 그 결실이 내일의 혁신으로 이어지도록, 흔들림 없는 지원으로 국가 과학기술 미래를 밝혀나갈 것이다.",헬스케어
"가천대학교는 이해정 식품영양학과 교수가 총괄책임자로 참여하고 있는 한국형 정밀영양 컨소시엄(KPNC)이 지난 16일 국가통합바이오빅데이터구축사업단(BIKO)과 정밀의료 및 개인 맞춤형 건강관리 연구 협력을 위한 업무협약(MOU)을 체결했다고 18일 밝혔다.  양 기관은 임상·유전체 기반 바이오 빅데이터와 식이, 마이크로바이옴, 생활습관 정보를 연계·활용할 수 있는 협력 기반을 마련하기로 합의했다. 또 정밀의료·영양 분야의 데이터 연계와 공동 분석 방안을 모색한다.  BIKO는 현재 100만명 규모의 임상·유전체 데이터를 구축하고 있다. KPNC는 내년부터 개인별 식이·마이크로바이옴·생활습관 데이터를 본격적으로 확보한다는 계획이다.  임상·유전체·식이·마이크로바이옴 정보를 아우르는 통합 분석이 가능해질 경우 △개인별 질병 위험 평가 △만성질환 예방 전략 수립 △맞춤형 영양 처방 개발 등 연구 및 서비스 개발 등이 보다 체계적으로 추진될 수 있을 것으로 기대된다.  아울러 기관별로 분산됐던 의료·생활 기반 데이터가 연계되면서 정밀 건강관리 모델의 활용 가능성도 함께 검토할 예정이다.  이 교수는 ""이번 협약은 국가사업에서 생산되는 방대한 데이터를 활용할 수 있는 기반을 구축하는 과정""이라며 ""정밀영양 연구의 실효성을 높이고, 한국인을 위한 맞춤형 건강관리 모델을 구체화하는 데 중요한 전환점이 될 것""이라고 설명했다.  한편 가천대는 식품의약품안전처의 지원을 받아 2029년까지 KPNC를 운영한다. 총 100억원에 달하는 사업비가 투입되는 국가 연구사업이다. △식이 △유전체 △마이크로바이옴 △대사체 △라이프로그 등이 연계된 정밀영양 빅데이터를 구축해 한국인 맞춤형 정밀영양 관리 모델을 개발한다.",헬스케어
RNA(리보핵산) 기반 유전자치료제 개발 업체 알지노믹스가 코스닥 상장 첫날 따따블(공모가 대비 4배 상승)을 기록했다.  18일 오전 9시18분 기준 거래소에서 알지노믹스는 공모가(2만2500원) 대비 300% 오른 9만원에 거래 중이다.  최근 IPO(기업공개) 시장에 훈풍이 부는 상황에서 알지노믹스는 이달 초에 진행한 일반청약에서 1871.43대 1의 경쟁률을 보이는 등 흥행에 성공한 바 있다. 전체 주문 물량 중 74.3%가 의무보유확약을 제시해 올해 IPO 회사 중에서도 높은 수준을 보였다는 점도 긍정적으로 작용했다.  알지노믹스는 이번 IPO를 통해 조달한 자금으로 RNA 교정 플랫폼 고도화와 핵심 파이프라인 임상 및 상업화를 가속화할 예정이다.,헬스케어
"라이프케어 브랜드 뉴온이 어린이 키성장 건강기능식품 신제품 '매직키드(Magic Kid)'의 홈쇼핑 첫 론칭을 진행한다고 18일 밝혔다. 오는 21일 오전 7시 35분에 롯데홈쇼핑을 통해 첫 선을 보일 예정이다.  매직키드의 키성장 기능성을 인정받은 신원료 '한삼덩굴추출분말(HSy2)'을 활용해 뼈 형성·에너지 생성·정상적인 면역기능을 고려한 복합기능성 제품이다. 핵심원료 HSy2와 함께 비타민K, 아연, 나이아신, 비타민 B군 등 성장기 필수 영양소를 함유하고 있다. 아이들이 매일 섭취하기 간편한 열대과일맛 젤리스틱으로 출시됐다.  HSy2는 전남 보성 지역에서 친환경 방식으로 재배된 한삼덩굴을 원료로 사용한다. 독자적인 기술을 바탕으로 9단계 추출·정제 공정을 적용해 기능 성분의 안전성과 순도를 확보했다. △일일 성장속도 △연간 성장 변화 등 성장 관련 지표와 △성장판 관련 수치 증가 △인슐린유사성장인자(IGF-1) 수치 개선 △연골대사 활성화 같은 생체 지표 개선 효과도 인체시험과 동물시험을 통해 확인했다.  매직키드의 광고 모델은 배우 이종혁의 아들 이준수다. 이준수는 예능 프로그램 '아빠! 어디가?'를 통해 밝고 친근한 모습을 보여주며 많은 사랑을 받은 인물이다. 회사는 ""매직키드가 전달하고자 하는 건강한 성장 메시지를 소비자들에게 친밀하게 전할 수 있는 최적의 모델""이라고 설명했다.  뉴온 관계자는 ""매직키드는 천연 유래 원료인 HSy2를 기반으로 개발된 건강기능식품으로 보다 안전하게 섭취할 수 있는 특징""이라며 ""홈쇼핑 첫 론칭을 통해 더 많은 소지자들이 매직키드의 과학적 설계와 차별성을 직접 확인할 수 있을 것""이라고 말했다.  한편 뉴온은 올해 상반기 '유산균발효굴추출물(FGO)'을 적용한 '키앤조이(Key&Joy)'를 출시해 첫 방송에서 약 5억원의 판매고를 기록한 바 있다. 이를 통해 뉴온은 기능성 원료 중심의 성장 솔루션 기업으로 입지를 빠르게 구축했다.",헬스케어
"삼성바이오로직스는 사내 상호존중 문화를 확산하고 임직원 소통을 강화하기 위해 개최한 동호회 페스티벌을 성공적으로 마쳤다고 18일 밝혔다.  올해 두 번째로 열린 삼성바이오로직스 동호회 페스티벌은 지난 10일부터 17일까지 사내 복지공간 '하모니스퀘어'에서 진행했다. 이번 행사에선 공연과 수업(오픈클래스), 전시회, 참여 이벤트 등 다양한 프로그램을 운영해 임직원들이 폭넓게 참여하고 교류할 수 있는 환경을 조성했다. 특히 유명 강사와 전 국가대표 운동선수 등을 초청해 강의하는 오픈클래스가 인기를 끌었다.  행사 첫날인 지난 10일 사내 응원단의 공연과 함께 유명 스트레칭 강사 강하나씨의 오픈클래스를 진행했다. 희망자 누구나 자유롭게 참여할 수 있어 많은 임직원이 관심을 보였다. 참가자들은 간단한 동작을 따라 하며 긴장을 풀고 재충전하는 시간을 가졌다.  지난 16일엔 사내 역도 동호회가 강의 및 코칭 프로그램을 열었다. 전 대한민국 역도 국가대표인 함상일 관장을 초청해 스쿼트 등 운동 동작을 지도하고 전문적인 피드백을 제공했다. 이어 17일엔 사내 밴드 및 오케스트라 동호회가 무대를 선보이며 임직원들의 뜨거운 호응을 받았다.  행사 기간 내내 진행한 전시회는 임직원들의 다양한 재능을 공유하는 장으로 주목받았다. 임직원들이 직접 만든 도자기와 순수미술, 손뜨개 등 작품을 전시했다.  상호존중 문화를 조성하기 위한 프로그램도 높은 관심을 받았다. 임직원들은 연말 맞이 '감사 엽서 쓰기' 프로그램을 통해 한 해 동안 함께한 동료에 감사 인사를 전했다. 크리스마스 포토존에선 함께 사진을 촬영하며 따듯한 분위기 속에서 한 해를 마무리하는 시간을 보냈다.  삼성바이오로직스는 사내 조직문화 활성화를 위한 다양한 노력을 기울이고 있다. 지난 5월 사내 복지공간 확장을 목적으로 하모니스퀘어를 재단장했다. 신입사원이 경영진의 멘토로 참여해 상호 경험을 공유하는 '리버스 멘토링'을 진행하는 등 사내 수평적 소통을 촉진하고 있다. 아울러 2015년부터 10년간 가족친화기업 인증을 유지하는 등 건강한 조직문화 조성에 힘쓰고 있다.  이규호 삼성바이오로직스 피플센터장(부사장)은 ""올해 두 차례에 걸쳐 진행한 동호회 페스티벌을 통해 임직원 간 교류를 촉진하고 긍정적 소통 문화를 조성했다""며 ""앞으로도 조직문화를 강화하고 임직원의 성장을 지원하는 다양한 프로그램을 지속하겠다""고 말했다.",헬스케어
"정부가 AI 바이오 모델, 데이터, 인프라 역량을 총결집한 'AI 바이오 국가전략'을 마련했다. '두뇌' 역할을 하는 바이오 파운데이션 모델과 '연구동료' 역할을 하는 에이전틱 AI를 활용해 연구 속도를 높이고, 실패 가능성을 최소화해 AI 바이오 글로벌 허브 국가로 도약한다는 목표다.  18일 과학기술정보통신부는 제2차 과학기술관계장관회의에서 관계부처 합동으로 마련한 'AI 바이오 국가전략'을 심의·의결했다.  정부는 AI 적용 가능성과 파급효과를 고려해 △신약개발 △뇌·역노화 △의료기기 △바이오제조 △농식품(그린바이오) 등 5대 핵심 분야를 선정하고 AI 바이오 모델을 구축한다.  특히 신약개발은 바이오 파운데이션 모델, 에이전틱 AI 기반으로 AI가 스스로 후보물질을 설계하고 검증하는 체계로 전환한다. '(가칭)국가 AI 바이오 연구소'를 중심으로 멀티모달-멀티스케일 바이오 파운데이션 모델을 구축해 실제 산업 현장에서 활용할 수 있도록 개방하고, 신약개발 과정에서 필요한 과업을 자율적으로 수행할 수 있는 에이전틱 AI 프레임워크를 개발한다. 더불어 신약개발 전주기 AI 활용, AI 기반 신규 모달리티 설계 기술 개발, AI·로봇 기반 시험·검증·제조 자동화 등을 추진해 신약개발을 획기적으로 가속한다.  신약개발 분야를 제외한 4개 분야는 분야별 특성을 고려한 특화 AI 모델을 개발·활용해 산업 생산성·경제성을 제고한다.   ""AI 바이오 혁신거점 만들고 데이터 활용↑""  AI 바이오 혁신생태계를 구축하기 위해 대학·연구소, 기업, 병원 등의 다양한 주체가 협력하고, 바이오 연구자, AI 개발자, 데이터 과학자 등 다학제 전문가가 함께 연구하는 'AI 바이오 혁신 연구거점'을 조성한다. 내년 합성신약 분야 1개 시범거점 조성을 시작으로, 2027년부터 2개 이상의 분야로 거점을 확대한다. 각 거점에는 AI 바이오 R&D(연구·개발)와 더불어, 대규모 AI 바이오 모델 개발에 필요한 컴퓨팅 인프라 및 AI·로봇 기반 고속 실험·검증 인프라 구축을 지원한다.  또 폐쇄망 클라우드를 구축하고, 데이터 활용규제 특례 적용을 추진해 인체유래물데이터 등 민감 데이터를 안전하고 편리하게 활용할 수 있는 체계를 마련한다. 거점에서 생산한 데이터는 국가바이오데이터통합플랫폼(K-BDS)에 등록해 외부 연구자에도 개방한다. AI 바이오 혁신 연구거점 지원을 위해 (가칭)국가바이오혁신위원회를 중심으로 'AI 바이오 범정부 협의체'를 운영하고, 산·학·연·병의 참여를 촉진하기 위한 인센티브 체계 마련을 추진한다.  국가연구개발사업에서 생산하는 바이오 데이터를 K-BDS로 연계하고, 한국인 100만명 데이터 구축·재생산 등을 통해 2030년까지 700만건 이상의 고품질 바이오 빅데이터도 확보한다. '바이오데이터 활용 및 인공지능바이오 연구개발 촉진에 관한 법률', '디지털헬스케어법' 등을 제정하고 의료 데이터 활용 편의를 제고하기 위한 제도 개선도 추진한다.  마지막으로 대규모 AI 바이오 데이터 분석, AI 바이오 모델 개발 등을 지원하는 고성능 컴퓨팅 분석활용 자원을 구축·제공한다. 내년 하반기부터 슈퍼컴퓨터 6호기를 AI 바이오 연구에 활용할 수 있도록 지원한다. 장기적으로는 양자컴퓨터-슈퍼컴퓨터 하이브리드 시스템을 구축해 바이오 분야 난제 해결 연구를 지원한다.  배경훈 과기정통부 부총리는 ""AI 대전환 시대 해외 주요국들이 앞다퉈 과학기술 AI 전략을 발표하는 가운데, 바이오 분야에서는 한국이 가장 먼저 'AI 바이오 국가전략'을 수립해 글로벌 리더로 도약할 발판을 마련했다""며 정부는 ""AI 바이오 혁신생태계를 구축하고, 민관 협력을 강화해 우리나라가 세계적인 AI 바이오 경쟁력을 확보할 수 있도록 지원을 아끼지 않겠다""고 말했다.",헬스케어
"대상이 독일의 의약용 아미노산 전문기업 '아미노 유한회사(AMINO GmbH, 이하 아미노)'를 인수하며 글로벌 의약 바이오 시장에 본격 진출한다고 18일 밝혔다.  대상은 전날 독일 아미노 사의 지분 100%를 502억원에 인수한다고 공시했다. 현재 관련 승인 절차를 진행하고 있으며, 내년 3월까지 인수 절차를 완료할 계획이다.  아미노 사는 1958년 설립된 의약용 아미노산 전문기업으로, 의료용 수액제, 환자식, 바이오의약품용 세포배지 및 부형제 제조에 필요한 아미노산을 생산한다. 독일 북부 프렐슈테트 지역에 연구소와 총 3곳의 생산공장(약 6000㎡ 규모)을 운영하고 있으며, 글로벌 대형 바이오제약 기업 및 환자식 업체와 안정적인 거래관계를 구축하고 있다.  대상은 이번 인수를 통해 의약용 아미노산 시장에 진출할 계획이다.  의약용 아미노산 시장은 고령화 사회 진입과 의료 인프라 확장으로 수액제, 환자식 수요가 지속 증가하면서 매년 10%씩 성장하고 있는 분야다. 특히 단백질·유전자·세포 치료제 등 바이오 의약품 시장이 급성장하면서 아미노산을 필요로 하는 세포배지, 부형제, 시약의 수요도 함께 증가하고 있다.  대상은 아미노사의 제조시설 및 설비를 비롯해 67년 업력을 통해 구축한 정제 기술과 유럽 내 인허가 역량을 확보하게 된다. 또 아미노 사의 글로벌 대형 거래처 네트워크를 활용해 기존 유럽 시장 점유율을 유지하면서 북미, 아시아 등으로 사업 영역을 확대할 계획이다. 대상은 기존 사료용 아미노산 사업과의 시너지 효과도 창출할 것으로 기대한다.  임정배 대상 대표이사는 ""이번 인수는 기존 소재 사업에서 축적한 아미노산 기술력을 바탕으로 고부가가치 의약 바이오 시장으로 사업 영역을 확장하는 전략적 투자""라며 ""아미노 사의 기술력과 글로벌 네트워크를 통해 의약용 아미노산 시장에서 경쟁력을 확보해 나가겠다""고 밝혔다.",헬스케어
"씨어스테크놀로지(이하 씨어스)는 'ECG 판독 오류를 교정하기 위한 방법 및 장치'가 미국 특허로 등록됐다고 18일 밝혔다. 해당 특허는 씨어스가 심전도 분석과 관련해 미국에서 취득한 첫 번째 핵심 특허로, 국내에서 개발해 온 심전도법(ECG) 분석 기술을 미국 특허 체계 아래에서 직접 보호하게 되면서 향후 미국 시장 진출을 위한 법적 기반을 한층 강화한 것으로 평가된다.  이번 미국 특허 등록은 씨어스의 미국 부정맥 진단 시장 진입 전략과 맞물려 전략적 의미가 크다. 미국은 연간 1500만건 이상의 부정맥 진단이 이뤄지고 있으며 시장 규모는 약 50억달러(약 6조5000억원)로 추정돼 세계 최대 수준의 시장으로 여겨진다. 그 중 웨어러블 심전도 모니터링 시장은 전체의 약 30% 수준으로 빠르게 확대 중이며, 씨어스는 2026년을 모비케어 미국 시장 진출의 '원년'으로 삼고 시범 사업과 상용 서비스를 단계적으로 확대할 계획이다. 이를 위해 현지 의료기관·유통 채널 및 서비스 파트너와의 협력을 추진 중이다.  특허 기술은 씨어스의 부정맥 진단 솔루션 '모비케어'의 핵심 분석 엔진으로 적용되며, 장시간 수집되는 ECG 데이터에서 발생하는 노이즈·파형 왜곡·비정상 등을 AI(인공지능)가 스스로 식별하고 군집화해 분석결과를 제공함으로써 판독의 신뢰도를 높이는 알고리즘이다. 이는 웨어러블 기반 심전도 모니터링이 급성장 중인 미국 부정맥 시장에서 제품 경쟁력과 기술 보호를 동시에 확보한 의미 있는 성과로 평가된다.  씨어스는 해당 기술이 심전도 데이터를 개별 심박(비트) 단위로 나눈 뒤 파형을 정렬 및 정량화하고 유사 파형군을 비교해 이상 신호를 자동으로 걸러낸 후 수정된 데이터를 전체 판독 결과에 반영하는 방식으로 설계됐다고 설명했다. 이를 통해 자동 판독 과정에서 잘못 인식된 신호가 있더라도 동일 패턴의 파형을 한 번에 보정할 수 있어 장시간 모니터링 데이터에서도 빠르고 일관된 품질을 유지할 수 있다.  기존 시스템은 손 떨림, 전극 부착 불량, 일상 생활 움직임에 따라 오류 신호가 다수 발생하면 의료진이 자동 판독 결과를 후검수로 보정해야 했으며 경보 과다 및 오진발생 위험이 높았다. 씨어스의 특허 기술은 이 문제를 알고리즘이 선별·군집화하도록 설계해 노이즈 신호와 파형 왜곡을 일괄 정정함으로써 대용량 심전도 데이터에서도 안정적인 판독 품질을 유지할 수 있도록 한 것이 특징이다. 이는 모비케어가 실제 임상 현장에서 장시간 모니터링용 솔루션으로 활용될 수 있었던 기반 기술이기도 하다.  씨어스 관계자는 ""이번 미국 특허는 단순한 기술 등록을 넘어 미국 부정맥 진단 시장에 진입하기 위한 핵심 알고리즘에 대해 법적 보호막을 확보했다는 점에서 의미가 크다""며 ""2026년부터 모비케어를 글로벌 표준 미국 대표 심전도 분석 AI 솔루션으로 안착시킬 수 있도록 최선을 다할 것""이라고 말했다.",헬스케어
"불과 수년 전까지 '국산 항암신약은 안 된다'라는 인식이 업계 안팎으로 팽배했다. 국산 기술력 평가절하가 배경이 아니다. 우선 개발 완료까지 조 단위에 가까운 자금이 필요하다. 글로벌 임상 경험도 부족하고 신약을 상업화해 본 사례도 적었다.  이 모든 인식의 변화 신호탄은 유한양행이 오스코텍으로부터 도입해 얀센에 재수출, 끝내 미국 허가를 얻어낸 '렉라자'였다. 유한양행은 장기간 제약업계 매출 1위를 지키면서도 도입 상품 매출 의존도가 높아 연구개발(R&D) 경쟁력은 약하다는 지적이 뒤따르던 기업이다.  때문에 렉라자 성공 사례는 단순 개별 기업의 미국 허가가 아닌 국내 바이오의 전략적 문제를 돌아 보게 하는 기회로 작용했다. 자체 파이프라인이 없으면 도입하고, 자금과 노하우가 부족하면 그런 상대를 찾아 손을 잡으면 되는 것이었다. 국내 바이오는 애초에 '안 되는게' 아니라 '어떻게 하는지'를 몰랐던 것뿐이다.  알테오젠 역시 마찬가지다. '바이오텍=혁신 신약'이 정석처럼 여겨지던 국내 바이오벤처 생태계에서 업계는 알테오젠의 '플랫폼' 기술에 대한 정의조차 내리는 것을 혼란스러워 했다. 하지만 알테오젠의 현주소는 전세계 매출 1위 항암제 MSD '키트루다'의 제형 변경 파트너다.  난공불락의 질환으로 여겨지던 뇌 질환 분야도 국내사 경쟁력이 입증되는 중이다. 사노피에 파킨스병 신약 후보를 이전했던 에이비엘바이오에 이어, 훨씬 더 작은 규모의 바이오벤처 아델이 사노피에 알츠하이머 신약 기술을 이전했다.  국산 신약이 불가능하다는 인식은 깨진지 오래다. 돌아봐야 할 것은 유한양행, 알테오젠의 성공 방정식이다. 바이오 기업의 핵심은 기술력이지만, 기술력 만으로는 부족하다. 임상 설계, 규제 대응, 생산·상용화 방법까지 포함된 통합 접근이 요구된다. 때론 이를 다른 이에게 맡기거나, 파트너로서 시너지를 꾀하는 것 역시 전략에 포함된다.  바이오텍은 기술력을 점수로 평가 받는 학생이 아닌, 사업화를 통해 이윤을 창출해야 하는 기업이다. 다행히 '안 될 것 없다'는 단계까진 도달했다. 이제 '된다, 이 기술을 누가 알아 봐주기만 하면'에 그쳤던 사고를 직접 증명할 수 있는 치열한 전략 고민이 필요한 때다.",헬스케어
"인투셀이 내년 ADC(항체-약물접합체) 파이프라인(신약후보물질)의 임상시험에 진입한다. 자체개발하는 파이프라인 'ITC-6146RO'는 이미 국내외에서 IND(임상시험계획)를 승인받으며 준비를 마쳤다. 파트너인 삼성바이오에피스(삼성에피스)와 진행하는 ADC 신약연구도 진척을 보여 빠르면 내년 초 임상시험에 들어갈 것으로 예상된다. 인투셀의 ADC 플랫폼기술이 임상시험을 통해 성공적인 데이터를 확보하면 글로벌 상업화에 탄력이 붙을 것으로 보인다.  인투셀은 ADC 파이프라인 ITC-6146RO의 임상1상 준비에 박차를 가한다고 17일 밝혔다. 앞서 미국과 국내에서 IND를 승인받은 물질로 내년에 본격적으로 임상절차에 돌입할 예정이다.  인투셀은 우선 ITC-6146RO의 미국 및 국내 IND 승인으로 ADC 플랫폼기술의 경쟁력을 입증한 효과가 크다고 설명했다. 인투셀은 체내 필요한 지점에서 ADC 의약품의 링커(접합체)와 페이로드(약물)가 끊어지며 암세포를 공격하는 오파스(OHPAS) 플랫폼기술을 보유했다. 인투셀의 ITC-6146RO는 오파스 플랫폼기술을 적용한 신약후보물질이다. 내년에 진행할 임상시험에서 효능과 안전성을 확인하면 인투셀의 ADC 플랫폼기술에 대한 시장의 평가가 높아질 수밖에 없다. 인투셀은 ITC-6146RO의 임상시험에서 긍정적 데이터를 확보하고 빠르게 글로벌 기술이전을 추진한다는 전략이다.  삼성바이오에피스와 협력하는 ADC 신약 공동개발도 변곡점을 맞았다. 삼성바이오에피스가 삼성바이오로직스에서 분할하면서 독자적인 신약연구에 집중할 수 있는 환경을 구축했기 때문이다. 앞서 인투셀은 2023년 12월 삼성바이오에피스와 ADC 신약을 개발하기 위한 RCA(공동연구계약)를 체결했다.  최근 삼성바이오에피스가 방광암 ADC 치료제의 IND를 미국 식품의약국(FDA)에 제출하면서 인투셀과의 기술이전 본계약이 임박했다는 관측이 제기됐다. 인투셀이 삼성바이오에피스와 본계약을 하고 내년에 임상시험을 시작하면 마일스톤(단계별 기술료)을 수령할 수 있는 구조로 알려졌다. 또 삼성바이오에피스와 공동연구한 ADC 신약 파이프라인이 임상시험에 진입하면 올해 중순에 불거진 중국 기업과의 물질특허 논란도 사실상 해소할 수 있다.  시장의 기대감도 커진다. 인투셀이 미국과 국내에서 ITC-6146RO의 IND를 승인받으면서 이달 들어 주가가 역대 최고가인 7만4900원까지 올랐다. 최고가 기준 시가총액도 1조원을 넘었다. ADC분야의 신흥강자에 대한 기대감이 반영된 것으로 풀이된다.  인투셀은 ITC-6146RO 임상시험을 자체보유한 자금으로 진행할 계획이다. 인투셀의 올해 3분기말 기준 현금성자산은 174억원, 유동자산은 314억원으로 당장 자금조달 수요가 큰 편은 아니다. 자기자본은 241억원, 부채비율은 71.2%다.  정유경 신영증권 연구원은 ""인투셀은 ADC 파이프라인의 임상1상을 향해 순항 중""이라며 ""주요 물질의 특허이슈는 정리가 완료됐고 내년 1분기 삼성바이오에피스와 기술이전 본계약에 따라 마일스톤을 수령할 것으로 예상한다""고 분석했다.  인투셀 관계자는 ""현재 보유한 자금으로 자체개발 파이프라인의 임상을 진행하는데 전혀 어려움이 없다""며 ""내년 주요 파트너와 공동연구 등에 따라 마일스톤을 수령할 가능성도 열려 있다""고 말했다. 또 ""내년엔 자체개발한 파이프라인 ITC-6146RO의 임상시험과 주요 파트너와의 공동연구 협력에서 성과를 내며 인투셀 플랫폼기술의 경쟁력을 입증하는데 집중하겠다""고 말했다.",헬스케어
